-- MySQL dump 10.13  Distrib 5.7.29, for osx10.15 (x86_64)
--
-- Host: localhost    Database: generic_develop
-- ------------------------------------------------------
-- Server version	5.7.29

/*!40101 SET @OLD_CHARACTER_SET_CLIENT=@@CHARACTER_SET_CLIENT */;
/*!40101 SET @OLD_CHARACTER_SET_RESULTS=@@CHARACTER_SET_RESULTS */;
/*!40101 SET @OLD_COLLATION_CONNECTION=@@COLLATION_CONNECTION */;
/*!40101 SET NAMES utf8 */;
/*!40103 SET @OLD_TIME_ZONE=@@TIME_ZONE */;
/*!40103 SET TIME_ZONE='+00:00' */;
/*!40014 SET @OLD_UNIQUE_CHECKS=@@UNIQUE_CHECKS, UNIQUE_CHECKS=0 */;
/*!40014 SET @OLD_FOREIGN_KEY_CHECKS=@@FOREIGN_KEY_CHECKS, FOREIGN_KEY_CHECKS=0 */;
/*!40101 SET @OLD_SQL_MODE=@@SQL_MODE, SQL_MODE='NO_AUTO_VALUE_ON_ZERO' */;
/*!40111 SET @OLD_SQL_NOTES=@@SQL_NOTES, SQL_NOTES=0 */;

--
-- Table structure for table `ar_internal_metadata`
--

DROP TABLE IF EXISTS `ar_internal_metadata`;
/*!40101 SET @saved_cs_client     = @@character_set_client */;
/*!40101 SET character_set_client = utf8 */;
CREATE TABLE `ar_internal_metadata` (
  `key` varchar(255) NOT NULL,
  `value` varchar(255) DEFAULT NULL,
  `created_at` datetime(6) NOT NULL,
  `updated_at` datetime(6) NOT NULL,
  PRIMARY KEY (`key`)
) ENGINE=InnoDB DEFAULT CHARSET=utf8mb4;
/*!40101 SET character_set_client = @saved_cs_client */;

--
-- Dumping data for table `ar_internal_metadata`
--

LOCK TABLES `ar_internal_metadata` WRITE;
/*!40000 ALTER TABLE `ar_internal_metadata` DISABLE KEYS */;
INSERT INTO `ar_internal_metadata` VALUES ('environment','development','2020-06-30 20:49:24.766868','2020-06-30 20:49:24.766868'),('schema_sha1','ce7f3f3a1b575e79c517c21a86fac43cc96dd131','2020-06-30 20:49:24.775091','2020-06-30 20:49:24.775091');
/*!40000 ALTER TABLE `ar_internal_metadata` ENABLE KEYS */;
UNLOCK TABLES;

--
-- Table structure for table `delayed_jobs`
--

DROP TABLE IF EXISTS `delayed_jobs`;
/*!40101 SET @saved_cs_client     = @@character_set_client */;
/*!40101 SET character_set_client = utf8 */;
CREATE TABLE `delayed_jobs` (
  `id` bigint(20) NOT NULL AUTO_INCREMENT,
  `priority` int(11) NOT NULL DEFAULT '0',
  `attempts` int(11) NOT NULL DEFAULT '0',
  `handler` text NOT NULL,
  `last_error` text,
  `run_at` datetime DEFAULT NULL,
  `locked_at` datetime DEFAULT NULL,
  `failed_at` datetime DEFAULT NULL,
  `locked_by` varchar(255) DEFAULT NULL,
  `queue` varchar(255) DEFAULT NULL,
  `created_at` datetime(6) DEFAULT NULL,
  `updated_at` datetime(6) DEFAULT NULL,
  PRIMARY KEY (`id`),
  KEY `delayed_jobs_priority` (`priority`,`run_at`)
) ENGINE=InnoDB DEFAULT CHARSET=utf8mb4;
/*!40101 SET character_set_client = @saved_cs_client */;

--
-- Dumping data for table `delayed_jobs`
--

LOCK TABLES `delayed_jobs` WRITE;
/*!40000 ALTER TABLE `delayed_jobs` DISABLE KEYS */;
/*!40000 ALTER TABLE `delayed_jobs` ENABLE KEYS */;
UNLOCK TABLES;

--
-- Table structure for table `notifications`
--

DROP TABLE IF EXISTS `notifications`;
/*!40101 SET @saved_cs_client     = @@character_set_client */;
/*!40101 SET character_set_client = utf8 */;
CREATE TABLE `notifications` (
  `id` bigint(20) NOT NULL AUTO_INCREMENT,
  `created_at` datetime NOT NULL,
  `updated_at` datetime NOT NULL,
  `title` varchar(255) DEFAULT NULL,
  `text` text,
  `level` int(11) DEFAULT NULL,
  `expires_at` datetime DEFAULT NULL,
  `in_app` tinyint(1) DEFAULT NULL,
  `email` tinyint(1) DEFAULT NULL,
  `sms` tinyint(1) DEFAULT NULL,
  `action` varchar(255) DEFAULT NULL,
  `href` varchar(255) DEFAULT NULL,
  `duration` int(11) DEFAULT NULL,
  PRIMARY KEY (`id`)
) ENGINE=InnoDB DEFAULT CHARSET=utf8mb4;
/*!40101 SET character_set_client = @saved_cs_client */;

--
-- Dumping data for table `notifications`
--

LOCK TABLES `notifications` WRITE;
/*!40000 ALTER TABLE `notifications` DISABLE KEYS */;
/*!40000 ALTER TABLE `notifications` ENABLE KEYS */;
UNLOCK TABLES;

--
-- Table structure for table `notifications_users`
--

DROP TABLE IF EXISTS `notifications_users`;
/*!40101 SET @saved_cs_client     = @@character_set_client */;
/*!40101 SET character_set_client = utf8 */;
CREATE TABLE `notifications_users` (
  `id` bigint(20) NOT NULL AUTO_INCREMENT,
  `notification_id` bigint(20) DEFAULT NULL,
  `user_id` bigint(20) DEFAULT NULL,
  `acknowledged_at` datetime DEFAULT NULL,
  PRIMARY KEY (`id`),
  KEY `index_notifications_users_on_notification_id` (`notification_id`),
  KEY `index_notifications_users_on_user_id` (`user_id`)
) ENGINE=InnoDB DEFAULT CHARSET=utf8mb4;
/*!40101 SET character_set_client = @saved_cs_client */;

--
-- Dumping data for table `notifications_users`
--

LOCK TABLES `notifications_users` WRITE;
/*!40000 ALTER TABLE `notifications_users` DISABLE KEYS */;
/*!40000 ALTER TABLE `notifications_users` ENABLE KEYS */;
UNLOCK TABLES;

--
-- Table structure for table `organizations`
--

DROP TABLE IF EXISTS `organizations`;
/*!40101 SET @saved_cs_client     = @@character_set_client */;
/*!40101 SET character_set_client = utf8 */;
CREATE TABLE `organizations` (
  `id` bigint(20) NOT NULL AUTO_INCREMENT,
  `kind` int(11) DEFAULT '0',
  `name` varchar(255) DEFAULT NULL,
  `address1` varchar(255) DEFAULT NULL,
  `address2` varchar(255) DEFAULT NULL,
  `city` varchar(255) DEFAULT NULL,
  `state` varchar(255) DEFAULT NULL,
  `zip` varchar(255) DEFAULT NULL,
  `country` varchar(255) DEFAULT NULL,
  `phone1` varchar(255) DEFAULT NULL,
  `phone2` varchar(255) DEFAULT NULL,
  `phone3` varchar(255) DEFAULT NULL,
  `email1` varchar(255) DEFAULT NULL,
  `email2` varchar(255) DEFAULT NULL,
  `email3` varchar(255) DEFAULT NULL,
  `active` tinyint(1) DEFAULT NULL,
  `parent_id` int(11) DEFAULT NULL,
  `lft` int(11) NOT NULL,
  `rgt` int(11) NOT NULL,
  `depth` int(11) NOT NULL DEFAULT '0',
  `children_count` int(11) NOT NULL DEFAULT '0',
  `created_at` datetime(6) NOT NULL,
  `updated_at` datetime(6) NOT NULL,
  PRIMARY KEY (`id`),
  KEY `index_organizations_on_depth` (`depth`),
  KEY `index_organizations_on_lft` (`lft`),
  KEY `index_organizations_on_name` (`name`),
  KEY `index_organizations_on_parent_id` (`parent_id`),
  KEY `index_organizations_on_rgt` (`rgt`)
) ENGINE=InnoDB AUTO_INCREMENT=5 DEFAULT CHARSET=utf8mb4;
/*!40101 SET character_set_client = @saved_cs_client */;

--
-- Dumping data for table `organizations`
--

LOCK TABLES `organizations` WRITE;
/*!40000 ALTER TABLE `organizations` DISABLE KEYS */;
INSERT INTO `organizations` VALUES (1,0,'The Three Broomsticks','Somewhere in Hogsmeade',NULL,NULL,NULL,NULL,NULL,NULL,NULL,NULL,NULL,NULL,NULL,NULL,NULL,1,4,0,0,'2020-06-30 20:49:27.382978','2020-06-30 20:49:28.428107'),(2,1,'The Brewery','Somewhere else in Hogsmeade',NULL,NULL,NULL,NULL,NULL,NULL,NULL,NULL,NULL,NULL,NULL,NULL,1,2,3,1,0,'2020-06-30 20:49:28.163214','2020-06-30 20:49:28.428107'),(3,1,'The Conservatory','Somewhere in Paris',NULL,NULL,NULL,NULL,NULL,NULL,NULL,NULL,NULL,NULL,NULL,NULL,NULL,5,6,0,0,'2020-06-30 20:49:28.439729','2020-06-30 20:49:28.439729'),(4,1,'Demos','Somewhere in Hogsmeade',NULL,NULL,NULL,NULL,NULL,NULL,NULL,NULL,NULL,NULL,NULL,NULL,NULL,7,8,0,0,'2020-06-30 20:49:28.694058','2020-06-30 20:49:28.694058');
/*!40000 ALTER TABLE `organizations` ENABLE KEYS */;
UNLOCK TABLES;

--
-- Table structure for table `organizations_users`
--

DROP TABLE IF EXISTS `organizations_users`;
/*!40101 SET @saved_cs_client     = @@character_set_client */;
/*!40101 SET character_set_client = utf8 */;
CREATE TABLE `organizations_users` (
  `id` bigint(20) NOT NULL AUTO_INCREMENT,
  `organization_id` bigint(20) DEFAULT NULL,
  `user_id` bigint(20) DEFAULT NULL,
  PRIMARY KEY (`id`),
  KEY `index_organizations_users_on_organization_id` (`organization_id`),
  KEY `index_organizations_users_on_user_id` (`user_id`)
) ENGINE=InnoDB AUTO_INCREMENT=7 DEFAULT CHARSET=utf8mb4;
/*!40101 SET character_set_client = @saved_cs_client */;

--
-- Dumping data for table `organizations_users`
--

LOCK TABLES `organizations_users` WRITE;
/*!40000 ALTER TABLE `organizations_users` DISABLE KEYS */;
INSERT INTO `organizations_users` VALUES (1,1,2),(2,1,3),(3,1,4),(4,2,5),(5,3,6),(6,4,7);
/*!40000 ALTER TABLE `organizations_users` ENABLE KEYS */;
UNLOCK TABLES;

--
-- Table structure for table `schema_migrations`
--

DROP TABLE IF EXISTS `schema_migrations`;
/*!40101 SET @saved_cs_client     = @@character_set_client */;
/*!40101 SET character_set_client = utf8 */;
CREATE TABLE `schema_migrations` (
  `version` varchar(255) NOT NULL,
  PRIMARY KEY (`version`)
) ENGINE=InnoDB DEFAULT CHARSET=utf8mb4;
/*!40101 SET character_set_client = @saved_cs_client */;

--
-- Dumping data for table `schema_migrations`
--

LOCK TABLES `schema_migrations` WRITE;
/*!40000 ALTER TABLE `schema_migrations` DISABLE KEYS */;
INSERT INTO `schema_migrations` VALUES ('20180813213222'),('20180825191605'),('20180829210029'),('20180911204656'),('20180916215300'),('20180919225441');
/*!40000 ALTER TABLE `schema_migrations` ENABLE KEYS */;
UNLOCK TABLES;

--
-- Table structure for table `users`
--

DROP TABLE IF EXISTS `users`;
/*!40101 SET @saved_cs_client     = @@character_set_client */;
/*!40101 SET character_set_client = utf8 */;
CREATE TABLE `users` (
  `id` bigint(20) NOT NULL AUTO_INCREMENT,
  `password_digest` varchar(255) NOT NULL DEFAULT '',
  `reset_password_token` varchar(255) DEFAULT NULL,
  `reset_password_sent_at` datetime DEFAULT NULL,
  `sign_in_count` int(11) NOT NULL DEFAULT '0',
  `current_sign_in_at` datetime DEFAULT NULL,
  `last_sign_in_at` datetime DEFAULT NULL,
  `current_sign_in_ip` varchar(255) DEFAULT NULL,
  `last_sign_in_ip` varchar(255) DEFAULT NULL,
  `first_name` varchar(255) DEFAULT NULL,
  `last_name` varchar(255) DEFAULT NULL,
  `nickname` varchar(255) DEFAULT NULL,
  `image` varchar(255) DEFAULT NULL,
  `email` varchar(255) DEFAULT NULL,
  `role` int(11) DEFAULT '100',
  `tac_agreed_at` datetime DEFAULT NULL,
  `unsubscribe_token` varchar(255) DEFAULT NULL,
  `unsubscribed_at` datetime DEFAULT NULL,
  `created_at` datetime(6) NOT NULL,
  `updated_at` datetime(6) NOT NULL,
  PRIMARY KEY (`id`),
  UNIQUE KEY `index_users_on_email` (`email`)
) ENGINE=InnoDB AUTO_INCREMENT=8 DEFAULT CHARSET=utf8mb4;
/*!40101 SET character_set_client = @saved_cs_client */;

--
-- Dumping data for table `users`
--

LOCK TABLES `users` WRITE;
/*!40000 ALTER TABLE `users` DISABLE KEYS */;
INSERT INTO `users` VALUES (1,'$2a$12$P7.INDtlJwob84RS47e4l.tj9pbnkgNxOC1pgNYFfVik7ROilDwQm',NULL,NULL,0,NULL,NULL,NULL,NULL,'Roger','Waters',NULL,NULL,'admin@null.com',1000,NULL,'b442444c19e8e7cfea4f3decccf93f8db12787ff7dbbdb34a2e333134c52',NULL,'2020-06-30 20:49:27.350747','2020-06-30 20:49:27.350747'),(2,'$2a$12$DU4Mk.9vJsV6Cz7LAyBWQOmyNiFJ8dfsRwUwSui.CWmvBd60whPru',NULL,NULL,0,NULL,NULL,NULL,NULL,'Dani','Litani',NULL,NULL,'Admin_c_w_s@null.com',300,NULL,'b08c2e5cb6adabcd71d364d365f0e2f0505b40749d348a08af1bc6222159',NULL,'2020-06-30 20:49:27.655518','2020-06-30 20:49:27.655518'),(3,'$2a$12$Yo4Iksq0MoWzkgmlacmlXumGjoy7BQVhxuBDTl93EPRzCT.kwhtv2',NULL,NULL,0,NULL,NULL,NULL,NULL,'Bryan','Adams',NULL,NULL,'Doctor_c_w_s@null.com',300,NULL,'fe4a2a416abc511bc58807e62f9938ae0a53c88911efa3291f1890f5831d',NULL,'2020-06-30 20:49:27.907224','2020-06-30 20:49:27.907224'),(4,'$2a$12$oOQ/GkIzvRE7Xl4r7v9GqekDFinLjLbaSIgPzrcRIU85jZIdUL8Si',NULL,NULL,0,NULL,NULL,NULL,NULL,'Edie','Brickell',NULL,NULL,'Nurse_c_w_s@null.com',200,NULL,'c62b32cbfc550dcc9fe60d99c4e8db789e12bfd42d3308fb1f0f01af03d8',NULL,'2020-06-30 20:49:28.157488','2020-06-30 20:49:28.157488'),(5,'$2a$12$N4fPFWAFEEy9od3U3WMS2OFEKnZAABq.23XKP07nivFa1WTVlJjbK',NULL,NULL,0,NULL,NULL,NULL,NULL,'Susanna','Hoffs',NULL,NULL,'Nurse_s@null.com',200,NULL,'6c0eac3bac6be03ec399d5a3476c200a91dbc364d55752d6b2514e767592',NULL,'2020-06-30 20:49:28.418799','2020-06-30 20:49:28.418799'),(6,'$2a$12$NCfZys2.IS7R6uZ5Bzp6ueFXIJzAefDGaCSwYdIAm6AhdYl5jv.Kq',NULL,NULL,0,NULL,NULL,NULL,NULL,'Fred','Chopin',NULL,NULL,'Doctor_c_wo_s@null.com',300,NULL,'2d344677d8ebfffe2b5a6e4933a50f2beac8922e19e26c4470ffecf7972a',NULL,'2020-06-30 20:49:28.687168','2020-06-30 20:49:28.687168'),(7,'$2a$12$HPFO24B/fz7c7qrnkqw80.CEvKHs9SZVrZAMux7X5oT1cRb3gGyFa',NULL,NULL,0,NULL,NULL,NULL,NULL,'Brandi','Carlile',NULL,NULL,'demo@null.com',200,NULL,'c69f5944680f22a31b0e39d6e44223d7395ef34855cfaa1fcdcb5b962d34',NULL,'2020-06-30 20:49:28.946070','2020-06-30 20:49:28.946070');
/*!40000 ALTER TABLE `users` ENABLE KEYS */;
UNLOCK TABLES;

--
-- Table structure for table `versions`
--

DROP TABLE IF EXISTS `versions`;
/*!40101 SET @saved_cs_client     = @@character_set_client */;
/*!40101 SET character_set_client = utf8 */;
CREATE TABLE `versions` (
  `id` bigint(20) NOT NULL AUTO_INCREMENT,
  `item_type` varchar(191) NOT NULL,
  `item_id` int(11) NOT NULL,
  `item_subtype` varchar(255) DEFAULT NULL,
  `event` varchar(255) NOT NULL,
  `whodunnit` varchar(255) DEFAULT NULL,
  `object` longtext,
  `created_at` datetime DEFAULT NULL,
  `object_changes` longtext,
  `comment` text,
  PRIMARY KEY (`id`),
  KEY `index_versions_on_item_type_and_item_id` (`item_type`,`item_id`)
) ENGINE=InnoDB DEFAULT CHARSET=utf8mb4;
/*!40101 SET character_set_client = @saved_cs_client */;

--
-- Dumping data for table `versions`
--

LOCK TABLES `versions` WRITE;
/*!40000 ALTER TABLE `versions` DISABLE KEYS */;
/*!40000 ALTER TABLE `versions` ENABLE KEYS */;
UNLOCK TABLES;
/*!40103 SET TIME_ZONE=@OLD_TIME_ZONE */;

/*!40101 SET SQL_MODE=@OLD_SQL_MODE */;
/*!40014 SET FOREIGN_KEY_CHECKS=@OLD_FOREIGN_KEY_CHECKS */;
/*!40014 SET UNIQUE_CHECKS=@OLD_UNIQUE_CHECKS */;
/*!40101 SET CHARACTER_SET_CLIENT=@OLD_CHARACTER_SET_CLIENT */;
/*!40101 SET CHARACTER_SET_RESULTS=@OLD_CHARACTER_SET_RESULTS */;
/*!40101 SET COLLATION_CONNECTION=@OLD_COLLATION_CONNECTION */;
/*!40111 SET SQL_NOTES=@OLD_SQL_NOTES */;

-- Dump completed on 2020-06-30 14:49:29
