stepcount,cte_dataheaderid,createdon,companyid,cte_stepcountid
19,235,2020-06-27 10:35:45.199203,,878
19,235,2020-06-27 10:35:45.405055,,879
54,235,2020-06-27 10:35:45.405069,,880
0,230,2020-06-27 10:35:45.413893,,881
0,230,2020-06-27 10:35:45.413897,,882
10,230,2020-06-27 10:35:45.413898,,883
150,230,2020-06-27 10:35:45.4139,,884
340,230,2020-06-27 10:35:45.413901,,885
362,230,2020-06-27 10:35:45.413903,,886
802,230,2020-06-27 10:35:45.413904,,887
918,230,2020-06-27 10:35:45.413906,,888
997,230,2020-06-27 10:35:45.413907,,889
997,230,2020-06-27 10:35:45.413909,,890
7,232,2020-06-27 10:35:45.413761,,894
7,232,2020-06-27 10:35:45.413764,,895
59,226,2020-06-27 10:35:45.413594,,891
269,226,2020-06-27 10:35:45.413599,,892
269,226,2020-06-27 10:35:45.413601,,893
54,228,2020-06-27 10:35:45.415699,,896
140,228,2020-06-27 10:35:45.415702,,897
117,227,2020-06-27 10:35:45.415567,,898
198,227,2020-06-27 10:35:45.415571,,899
563,227,2020-06-27 10:35:45.415573,,900
77,238,2020-06-27 10:35:46.471351,,901
0,241,2020-06-27 10:35:47.006907,,902
42,241,2020-06-27 10:35:47.006913,,903
42,241,2020-06-27 10:35:47.006915,,904
42,241,2020-06-27 10:35:47.006916,,905
92,241,2020-06-27 10:35:47.006918,,906
147,241,2020-06-27 10:35:47.006919,,907
147,241,2020-06-27 10:35:47.006921,,908
147,241,2020-06-27 10:35:47.006922,,909
147,241,2020-06-27 10:35:47.006924,,910
71,245,2020-06-27 10:35:47.826073,,911
206,247,2020-06-27 10:35:48.19301,,912
206,247,2020-06-27 10:35:48.193016,,913
309,247,2020-06-27 10:35:48.193018,,914
724,247,2020-06-27 10:35:48.19302,,915
923,247,2020-06-27 10:35:48.193021,,916
949,247,2020-06-27 10:35:48.193023,,917
227,251,2020-06-27 10:35:49.932715,,918
449,251,2020-06-27 10:35:49.932723,,919
834,251,2020-06-27 10:35:49.932725,,920
895,251,2020-06-27 10:35:49.932727,,921
1546,251,2020-06-27 10:35:49.932728,,922
1897,251,2020-06-27 10:35:49.93273,,923
1897,251,2020-06-27 10:35:49.932731,,924
1897,251,2020-06-27 10:35:49.932733,,925
1897,251,2020-06-27 10:35:49.932734,,926
0,257,2020-06-27 10:35:52.572144,,927
40,257,2020-06-27 10:35:52.572151,,928
40,257,2020-06-27 10:35:52.572153,,929
85,257,2020-06-27 10:35:52.572155,,930
85,257,2020-06-27 10:35:52.572156,,931
132,257,2020-06-27 10:35:52.572158,,932
132,257,2020-06-27 10:35:52.572159,,933
132,257,2020-06-27 10:35:52.57216,,934
132,257,2020-06-27 10:35:52.572162,,935
0,261,2020-06-27 10:35:54.261476,,936
23,261,2020-06-27 10:35:54.261484,,937
51,261,2020-06-27 10:35:54.261486,,938
156,261,2020-06-27 10:35:54.261487,,939
156,261,2020-06-27 10:35:54.261489,,940
156,261,2020-06-27 10:35:54.261498,,941
200,261,2020-06-27 10:35:54.261499,,942
200,261,2020-06-27 10:35:54.261501,,943
200,261,2020-06-27 10:35:54.261502,,944
0,263,2020-06-27 10:35:55.30746,,945
37,263,2020-06-27 10:35:55.307467,,946
0,267,2020-06-27 10:35:56.953531,,947
0,267,2020-06-27 10:35:56.953547,,948
37,267,2020-06-27 10:35:56.953549,,949
37,267,2020-06-27 10:35:56.95355,,950
84,267,2020-06-27 10:35:56.953552,,951
168,267,2020-06-27 10:35:56.953553,,952
168,267,2020-06-27 10:35:56.953554,,953
208,267,2020-06-27 10:35:56.953556,,954
208,267,2020-06-27 10:35:56.953557,,955
0,271,2020-06-27 10:36:10.791055,,956
57,271,2020-06-27 10:36:10.791062,,957
57,271,2020-06-27 10:36:10.791064,,958
99,271,2020-06-27 10:36:10.791066,,959
99,271,2020-06-27 10:36:10.791068,,960
138,271,2020-06-27 10:36:10.791069,,961
176,271,2020-06-27 10:36:10.791071,,962
176,271,2020-06-27 10:36:10.791072,,963
176,271,2020-06-27 10:36:10.791074,,964
0,275,2020-06-27 10:36:23.97963,,965
0,275,2020-06-27 10:36:23.979637,,966
49,275,2020-06-27 10:36:23.979639,,967
92,275,2020-06-27 10:36:23.97964,,968
92,275,2020-06-27 10:36:23.979642,,969
145,275,2020-06-27 10:36:23.979643,,970
145,275,2020-06-27 10:36:23.979645,,971
145,275,2020-06-27 10:36:23.979646,,972
145,275,2020-06-27 10:36:23.979647,,973
0,279,2020-06-27 10:36:58.639865,,974
49,279,2020-06-27 10:36:58.639872,,975
49,279,2020-06-27 10:36:58.639873,,976
99,279,2020-06-27 10:36:58.639875,,977
99,279,2020-06-27 10:36:58.639876,,978
99,279,2020-06-27 10:36:58.639877,,979
151,279,2020-06-27 10:36:58.639879,,980
151,279,2020-06-27 10:36:58.63988,,981
151,279,2020-06-27 10:36:58.639882,,982
0,283,2020-06-27 10:37:45.370942,,983
42,283,2020-06-27 10:37:45.370952,,984
42,283,2020-06-27 10:37:45.370954,,985
72,283,2020-06-27 10:37:45.370955,,986
72,283,2020-06-27 10:37:45.370957,,987
72,283,2020-06-27 10:37:45.370958,,988
95,283,2020-06-27 10:37:45.37096,,989
95,283,2020-06-27 10:37:45.370961,,990
95,283,2020-06-27 10:37:45.370963,,991
0,287,2020-06-27 10:38:20.783128,,992
20,287,2020-06-27 10:38:20.78314,,993
20,287,2020-06-27 10:38:20.783142,,994
58,287,2020-06-27 10:38:20.783144,,995
58,287,2020-06-27 10:38:20.783145,,996
58,287,2020-06-27 10:38:20.783147,,997
58,287,2020-06-27 10:38:20.783148,,998
58,287,2020-06-27 10:38:20.783149,,999
58,287,2020-06-27 10:38:20.783151,,1000
0,288,2020-06-27 10:38:31.742506,,1001
0,291,2020-06-27 10:39:06.522281,,1002
41,291,2020-06-27 10:39:06.522288,,1003
41,291,2020-06-27 10:39:06.52229,,1004
58,291,2020-06-27 10:39:06.522291,,1005
58,291,2020-06-27 10:39:06.522293,,1006
58,291,2020-06-27 10:39:06.522294,,1007
58,291,2020-06-27 10:39:06.522296,,1008
58,291,2020-06-27 10:39:06.522297,,1009
58,291,2020-06-27 10:39:06.522299,,1010
9,295,2020-06-27 10:39:43.138159,,1011
569,295,2020-06-27 10:39:43.138171,,1012
688,295,2020-06-27 10:39:43.138173,,1013
1132,295,2020-06-27 10:39:43.138175,,1014
1670,295,2020-06-27 10:39:43.138176,,1015
1721,295,2020-06-27 10:39:43.138178,,1016
0,299,2020-06-27 10:40:18.608593,,1017
101,299,2020-06-27 10:40:18.608601,,1018
122,299,2020-06-27 10:40:18.608603,,1019
294,299,2020-06-27 10:40:18.608605,,1020
828,299,2020-06-27 10:40:18.608607,,1021
1105,299,2020-06-27 10:40:18.608608,,1022
1154,299,2020-06-27 10:40:18.60861,,1023
1217,299,2020-06-27 10:40:18.608611,,1024
1244,299,2020-06-27 10:40:18.608612,,1025
211,303,2020-06-27 10:40:58.0065,,1026
211,303,2020-06-27 10:40:58.006506,,1027
333,303,2020-06-27 10:40:58.006508,,1028
749,303,2020-06-27 10:40:58.006509,,1029
963,303,2020-06-27 10:40:58.006511,,1030
78,305,2020-06-27 10:41:29.458329,,1031
253,309,2020-06-27 10:42:04.228424,,1032
470,309,2020-06-27 10:42:04.228432,,1033
856,309,2020-06-27 10:42:04.228488,,1034
914,309,2020-06-27 10:42:04.228491,,1035
1569,309,2020-06-27 10:42:04.228492,,1036
1905,309,2020-06-27 10:42:04.228494,,1037
1905,309,2020-06-27 10:42:04.228495,,1038
1905,309,2020-06-27 10:42:04.228497,,1039
1905,309,2020-06-27 10:42:04.228498,,1040
0,313,2020-06-27 10:42:39.136922,,1041
39,313,2020-06-27 10:42:39.136929,,1042
39,313,2020-06-27 10:42:39.136931,,1043
39,313,2020-06-27 10:42:39.136932,,1044
88,313,2020-06-27 10:42:39.136934,,1045
141,313,2020-06-27 10:42:39.136935,,1046
141,313,2020-06-27 10:42:39.136937,,1047
141,313,2020-06-27 10:42:39.136938,,1048
141,313,2020-06-27 10:42:39.13694,,1049
0,315,2020-06-27 10:43:13.223505,,1050
45,315,2020-06-27 10:43:13.223512,,1051
0,319,2020-06-27 10:43:48.110526,,1052
15,319,2020-06-27 10:43:48.110534,,1053
37,319,2020-06-27 10:43:48.110536,,1054
160,319,2020-06-27 10:43:48.110537,,1055
160,319,2020-06-27 10:43:48.110539,,1056
160,319,2020-06-27 10:43:48.11054,,1057
203,319,2020-06-27 10:43:48.110541,,1058
203,319,2020-06-27 10:43:48.110543,,1059
203,319,2020-06-27 10:43:48.110544,,1060
0,320,2020-06-27 10:44:11.647955,,1061
0,324,2020-06-27 10:44:46.95468,,1062
0,324,2020-06-27 10:44:46.954686,,1063
38,324,2020-06-27 10:44:46.954688,,1064
38,324,2020-06-27 10:44:46.954689,,1065
88,324,2020-06-27 10:44:46.954691,,1066
174,324,2020-06-27 10:44:46.954692,,1067
174,324,2020-06-27 10:44:46.954694,,1068
214,324,2020-06-27 10:44:46.954695,,1069
214,324,2020-06-27 10:44:46.954696,,1070
0,328,2020-06-27 10:45:32.882847,,1071
61,328,2020-06-27 10:45:32.882855,,1072
61,328,2020-06-27 10:45:32.882856,,1073
106,328,2020-06-27 10:45:32.882858,,1074
106,328,2020-06-27 10:45:32.882859,,1075
146,328,2020-06-27 10:45:32.88286,,1076
185,328,2020-06-27 10:45:32.882862,,1077
185,328,2020-06-27 10:45:32.882868,,1078
185,328,2020-06-27 10:45:32.88287,,1079
0,332,2020-06-27 10:46:13.282996,,1080
0,332,2020-06-27 10:46:13.283003,,1081
47,332,2020-06-27 10:46:13.283004,,1082
88,332,2020-06-27 10:46:13.283006,,1083
88,332,2020-06-27 10:46:13.283007,,1084
142,332,2020-06-27 10:46:13.283009,,1085
142,332,2020-06-27 10:46:13.28301,,1086
142,332,2020-06-27 10:46:13.283012,,1087
142,332,2020-06-27 10:46:13.283013,,1088
0,336,2020-06-27 10:46:57.005064,,1089
43,336,2020-06-27 10:46:57.005072,,1090
43,336,2020-06-27 10:46:57.005074,,1091
90,336,2020-06-27 10:46:57.005075,,1092
90,336,2020-06-27 10:46:57.005077,,1093
90,336,2020-06-27 10:46:57.005078,,1094
142,336,2020-06-27 10:46:57.00508,,1095
142,336,2020-06-27 10:46:57.005081,,1096
142,336,2020-06-27 10:46:57.005082,,1097
0,340,2020-06-27 10:54:12.444512,,1098
36,340,2020-06-27 10:54:12.44452,,1099
36,340,2020-06-27 10:54:12.444522,,1100
65,340,2020-06-27 10:54:12.444523,,1101
65,340,2020-06-27 10:54:12.444525,,1102
65,340,2020-06-27 10:54:12.444526,,1103
87,340,2020-06-27 10:54:12.444533,,1104
87,340,2020-06-27 10:54:12.444535,,1105
87,340,2020-06-27 10:54:12.444537,,1106
0,344,2020-06-27 10:54:48.209308,,1107
22,344,2020-06-27 10:54:48.209314,,1108
22,344,2020-06-27 10:54:48.209316,,1109
66,344,2020-06-27 10:54:48.209317,,1110
66,344,2020-06-27 10:54:48.209319,,1111
66,344,2020-06-27 10:54:48.20932,,1112
66,344,2020-06-27 10:54:48.209321,,1113
66,344,2020-06-27 10:54:48.209323,,1114
66,344,2020-06-27 10:54:48.209325,,1115
0,348,2020-06-27 10:55:34.007824,,1116
21,348,2020-06-27 10:55:34.007832,,1117
21,348,2020-06-27 10:55:34.007834,,1118
66,348,2020-06-27 10:55:34.007835,,1119
66,348,2020-06-27 10:55:34.007837,,1120
0,352,2020-06-27 11:04:59.172421,,1121
37,352,2020-06-27 11:04:59.172428,,1122
37,352,2020-06-27 11:04:59.17243,,1123
55,352,2020-06-27 11:04:59.172431,,1124
55,352,2020-06-27 11:04:59.172432,,1125
55,352,2020-06-27 11:04:59.172434,,1126
55,352,2020-06-27 11:04:59.172435,,1127
55,352,2020-06-27 11:04:59.172437,,1128
55,352,2020-06-27 11:04:59.172438,,1129
9,356,2020-06-27 11:05:35.303031,,1130
603,356,2020-06-27 11:05:35.303042,,1131
735,356,2020-06-27 11:05:35.303043,,1132
1204,356,2020-06-27 11:05:35.303045,,1133
1758,356,2020-06-27 11:05:35.303046,,1134
1819,356,2020-06-27 11:05:35.303048,,1135
0,360,2020-06-27 11:06:23.056186,,1136
91,360,2020-06-27 11:06:23.056193,,1137
120,360,2020-06-27 11:06:23.056195,,1138
308,360,2020-06-27 11:06:23.056197,,1139
879,360,2020-06-27 11:06:23.056198,,1140
1158,360,2020-06-27 11:06:23.0562,,1141
1193,360,2020-06-27 11:06:23.056201,,1142
1286,360,2020-06-27 11:06:23.056202,,1143
1311,360,2020-06-27 11:06:23.056204,,1144
0,362,2020-06-28 10:12:37.444611,,1145
229,362,2020-06-28 10:12:37.462668,,1146
531,362,2020-06-28 10:12:37.462677,,1147
1057,362,2020-06-28 10:12:37.462678,,1148
2197,362,2020-06-28 10:12:37.462679,,1149
2403,362,2020-06-28 10:12:37.46268,,1150
2403,362,2020-06-28 10:12:37.462681,,1151
2592,362,2020-06-28 10:12:37.462682,,1152
2993,362,2020-06-28 10:12:37.462683,,1153
0,361,2020-06-28 10:12:37.510447,,1154
198,361,2020-06-28 10:12:37.510451,,1155
475,361,2020-06-28 10:12:37.510453,,1156
975,361,2020-06-28 10:12:37.510454,,1157
2064,361,2020-06-28 10:12:37.510455,,1158
2277,361,2020-06-28 10:12:37.510456,,1159
2277,361,2020-06-28 10:12:37.510457,,1160
2473,361,2020-06-28 10:12:37.510458,,1161
2824,361,2020-06-28 10:12:37.510458,,1162
0,372,2020-06-29 10:11:01.651837,,1163
43,372,2020-06-29 10:11:01.671218,,1164
43,372,2020-06-29 10:11:01.67123,,1165
123,372,2020-06-29 10:11:01.671232,,1166
174,372,2020-06-29 10:11:01.671233,,1167
276,372,2020-06-29 10:11:01.671235,,1168
307,372,2020-06-29 10:11:01.671236,,1169
364,372,2020-06-29 10:11:01.671238,,1170
364,372,2020-06-29 10:11:01.671239,,1171
0,376,2020-06-29 10:11:02.879372,,1172
45,376,2020-06-29 10:11:02.879379,,1173
45,376,2020-06-29 10:11:02.87938,,1174
130,376,2020-06-29 10:11:02.879382,,1175
190,376,2020-06-29 10:11:02.879383,,1176
294,376,2020-06-29 10:11:02.879385,,1177
325,376,2020-06-29 10:11:02.879386,,1178
383,376,2020-06-29 10:11:02.879387,,1179
383,376,2020-06-29 10:11:02.879389,,1180
27,379,2020-06-30 10:17:36.396022,,1181
259,379,2020-06-30 10:17:36.409121,,1182
340,379,2020-06-30 10:17:36.409128,,1183
902,379,2020-06-30 10:17:36.409129,,1184
1360,379,2020-06-30 10:17:36.40913,,1185
1447,379,2020-06-30 10:17:36.409131,,1186
1880,379,2020-06-30 10:17:36.409132,,1187
2049,379,2020-06-30 10:17:36.409133,,1188
2049,379,2020-06-30 10:17:36.409134,,1189
0,378,2020-06-30 10:17:36.41653,,1190
0,378,2020-06-30 10:17:36.416537,,1191
27,378,2020-06-30 10:17:36.416538,,1192
0,383,2020-06-30 10:17:36.568848,,1193
0,383,2020-06-30 10:17:36.568853,,1194
36,383,2020-06-30 10:17:36.568854,,1195
36,383,2020-06-30 10:17:36.568856,,1196
91,383,2020-06-30 10:17:36.568857,,1197
169,383,2020-06-30 10:17:36.568858,,1198
169,383,2020-06-30 10:17:36.568859,,1199
0,389,2020-06-30 10:17:36.580141,,1200
0,392,2020-06-30 10:17:37.418309,,1201
40,392,2020-06-30 10:17:37.418314,,1202
40,392,2020-06-30 10:17:37.418315,,1203
91,392,2020-06-30 10:17:37.418315,,1204
91,392,2020-06-30 10:17:37.418316,,1205
91,392,2020-06-30 10:17:37.418317,,1206
149,392,2020-06-30 10:17:37.418318,,1207
149,392,2020-06-30 10:17:37.418319,,1208
149,392,2020-06-30 10:17:37.41832,,1209
53,399,2020-06-30 10:17:40.928547,,1210
294,399,2020-06-30 10:17:40.928552,,1211
383,399,2020-06-30 10:17:40.928553,,1212
963,399,2020-06-30 10:17:40.928554,,1213
1429,399,2020-06-30 10:17:40.928555,,1214
1532,399,2020-06-30 10:17:40.928556,,1215
1961,399,2020-06-30 10:17:40.928557,,1216
2158,399,2020-06-30 10:17:40.928558,,1217
2158,399,2020-06-30 10:17:40.928559,,1218
0,401,2020-06-30 10:17:52.976612,,1219
42,401,2020-06-30 10:17:52.976617,,1220
42,401,2020-06-30 10:17:52.976618,,1221
73,401,2020-06-30 10:17:52.976619,,1222
73,401,2020-06-30 10:17:52.97662,,1223
73,401,2020-06-30 10:17:52.976621,,1224
96,401,2020-06-30 10:17:52.976622,,1225
96,401,2020-06-30 10:17:52.976623,,1226
96,401,2020-06-30 10:17:52.976624,,1227
0,405,2020-06-30 10:18:28.03638,,1228
20,405,2020-06-30 10:18:28.036384,,1229
20,405,2020-06-30 10:18:28.036385,,1230
67,405,2020-06-30 10:18:28.036386,,1231
67,405,2020-06-30 10:18:28.036387,,1232
0,409,2020-06-30 10:19:02.601981,,1233
45,409,2020-06-30 10:19:02.601986,,1234
45,409,2020-06-30 10:19:02.601987,,1235
68,409,2020-06-30 10:19:02.601988,,1236
68,409,2020-06-30 10:19:02.601989,,1237
68,409,2020-06-30 10:19:02.60199,,1238
68,409,2020-06-30 10:19:02.601991,,1239
68,409,2020-06-30 10:19:02.601992,,1240
68,409,2020-06-30 10:19:02.601993,,1241
0,413,2020-06-30 10:19:37.252489,,1242
526,413,2020-06-30 10:19:37.252495,,1243
650,413,2020-06-30 10:19:37.252496,,1244
1146,413,2020-06-30 10:19:37.252497,,1245
1699,413,2020-06-30 10:19:37.252498,,1246
1764,413,2020-06-30 10:19:37.252499,,1247
0,417,2020-06-30 10:20:14.304581,,1248
90,417,2020-06-30 10:20:14.304586,,1249
105,417,2020-06-30 10:20:14.304587,,1250
290,417,2020-06-30 10:20:14.304588,,1251
933,417,2020-06-30 10:20:14.304589,,1252
1215,417,2020-06-30 10:20:14.30459,,1253
1235,417,2020-06-30 10:20:14.304591,,1254
0,421,2020-06-30 10:21:00.844486,,1255
237,421,2020-06-30 10:21:00.844491,,1256
571,421,2020-06-30 10:21:00.844492,,1257
1166,421,2020-06-30 10:21:00.844497,,1258
2407,421,2020-06-30 10:21:00.844498,,1259
2829,421,2020-06-30 10:21:00.844499,,1260
3618,421,2020-06-30 10:21:00.844499,,1261
4419,421,2020-06-30 10:21:00.8445,,1262
4861,421,2020-06-30 10:21:00.844501,,1263
0,425,2020-06-30 10:21:46.365489,,1264
50,425,2020-06-30 10:21:46.365498,,1265
50,425,2020-06-30 10:21:46.365501,,1266
139,425,2020-06-30 10:21:46.36551,,1267
190,425,2020-06-30 10:21:46.365512,,1268
292,425,2020-06-30 10:21:46.365514,,1269
325,425,2020-06-30 10:21:46.365517,,1270
382,425,2020-06-30 10:21:46.365519,,1271
382,425,2020-06-30 10:21:46.365521,,1272
37,427,2020-06-30 10:22:10.322192,,1273
284,427,2020-06-30 10:22:10.322198,,1274
360,429,2020-07-01 10:09:52.194921,,1275
410,429,2020-07-01 10:09:52.207829,,1276
656,429,2020-07-01 10:09:52.207836,,1277
1265,429,2020-07-01 10:09:52.207838,,1278
1582,429,2020-07-01 10:09:52.207839,,1279
1720,429,2020-07-01 10:09:52.20784,,1280
2070,429,2020-07-01 10:09:52.207841,,1281
2331,429,2020-07-01 10:09:52.207842,,1282
2331,429,2020-07-01 10:09:52.207843,,1283
360,428,2020-07-01 10:09:52.256905,,1284
393,428,2020-07-01 10:09:52.256909,,1285
627,428,2020-07-01 10:09:52.25691,,1286
1218,428,2020-07-01 10:09:52.256911,,1287
1540,428,2020-07-01 10:09:52.256912,,1288
1682,428,2020-07-01 10:09:52.256913,,1289
2035,428,2020-07-01 10:09:52.256914,,1290
2270,428,2020-07-01 10:09:52.256915,,1291
2270,428,2020-07-01 10:09:52.256916,,1292
384,437,2020-07-01 10:09:52.32348,,1293
418,437,2020-07-01 10:09:52.323484,,1294
686,437,2020-07-01 10:09:52.323485,,1295
1315,437,2020-07-01 10:09:52.323486,,1296
1637,437,2020-07-01 10:09:52.323487,,1297
1792,437,2020-07-01 10:09:52.323488,,1298
2151,437,2020-07-01 10:09:52.323489,,1299
2402,437,2020-07-01 10:09:52.32349,,1300
2402,437,2020-07-01 10:09:52.323491,,1301
74,442,2020-07-02 10:09:02.07492,,1302
266,442,2020-07-02 10:09:02.092893,,1303
652,442,2020-07-02 10:09:02.092902,,1304
1051,442,2020-07-02 10:09:02.092904,,1305
1592,442,2020-07-02 10:09:02.092905,,1306
1882,442,2020-07-02 10:09:02.092906,,1307
1999,442,2020-07-02 10:09:02.092907,,1308
2300,442,2020-07-02 10:09:02.092908,,1309
2300,442,2020-07-02 10:09:02.092909,,1310
70,440,2020-07-02 10:09:02.133564,,1311
270,440,2020-07-02 10:09:02.133568,,1312
635,440,2020-07-02 10:09:02.133569,,1313
992,440,2020-07-02 10:09:02.133569,,1314
1529,440,2020-07-02 10:09:02.133574,,1315
1812,440,2020-07-02 10:09:02.133575,,1316
1926,440,2020-07-02 10:09:02.133576,,1317
2219,440,2020-07-02 10:09:02.133577,,1318
2258,440,2020-07-02 10:09:02.133577,,1319
78,450,2020-07-02 10:09:02.175161,,1320
300,450,2020-07-02 10:09:02.175165,,1321
672,450,2020-07-02 10:09:02.175166,,1322
1027,450,2020-07-02 10:09:02.175167,,1323
1553,450,2020-07-02 10:09:02.175167,,1324
1848,450,2020-07-02 10:09:02.175168,,1325
1960,450,2020-07-02 10:09:02.175169,,1326
2255,450,2020-07-02 10:09:02.17517,,1327
2296,450,2020-07-02 10:09:02.175171,,1328
255,452,2020-07-03 10:12:19.491948,,1329
388,452,2020-07-03 10:12:19.510235,,1330
903,452,2020-07-03 10:12:19.510301,,1331
1430,452,2020-07-03 10:12:19.510302,,1332
1766,452,2020-07-03 10:12:19.510303,,1333
2154,452,2020-07-03 10:12:19.510304,,1334
2345,452,2020-07-03 10:12:19.510305,,1335
2361,452,2020-07-03 10:12:19.510306,,1336
2370,452,2020-07-03 10:12:19.510307,,1337
300,463,2020-07-03 10:12:19.611182,,1338
465,463,2020-07-03 10:12:19.611187,,1339
1011,463,2020-07-03 10:12:19.611188,,1340
1581,463,2020-07-03 10:12:19.611189,,1341
2016,463,2020-07-03 10:12:19.61119,,1342
2429,463,2020-07-03 10:12:19.611191,,1343
2644,463,2020-07-03 10:12:19.611192,,1344
2644,463,2020-07-03 10:12:19.611192,,1345
2651,463,2020-07-03 10:12:19.611193,,1346
239,455,2020-07-03 10:12:19.61805,,1347
362,455,2020-07-03 10:12:19.618054,,1348
895,455,2020-07-03 10:12:19.618055,,1349
1395,455,2020-07-03 10:12:19.618056,,1350
1764,455,2020-07-03 10:12:19.618057,,1351
2157,455,2020-07-03 10:12:19.618059,,1352
2335,455,2020-07-03 10:12:19.61806,,1353
2348,455,2020-07-03 10:12:19.61806,,1354
2358,455,2020-07-03 10:12:19.618061,,1355
0,470,2020-07-04 10:11:33.58469,,1365
163,470,2020-07-04 10:11:33.584694,,1366
607,470,2020-07-04 10:11:33.584695,,1367
817,470,2020-07-04 10:11:33.584696,,1368
1300,470,2020-07-04 10:11:33.584697,,1369
2896,470,2020-07-04 10:11:33.584698,,1370
4392,470,2020-07-04 10:11:33.5847,,1371
5488,470,2020-07-04 10:11:33.584701,,1372
5594,470,2020-07-04 10:11:33.584702,,1373
0,466,2020-07-04 10:11:33.56476,,1356
162,466,2020-07-04 10:11:33.583073,,1357
607,466,2020-07-04 10:11:33.583085,,1358
792,466,2020-07-04 10:11:33.583087,,1359
1281,466,2020-07-04 10:11:33.583088,,1360
2798,466,2020-07-04 10:11:33.583089,,1361
4278,466,2020-07-04 10:11:33.58309,,1362
5381,466,2020-07-04 10:11:33.583091,,1363
5495,466,2020-07-04 10:11:33.583092,,1364
0,465,2020-07-04 10:11:33.59357,,1374
155,465,2020-07-04 10:11:33.593573,,1375
652,465,2020-07-04 10:11:33.593575,,1376
887,465,2020-07-04 10:11:33.593576,,1377
1380,465,2020-07-04 10:11:33.593577,,1378
3169,465,2020-07-04 10:11:33.593578,,1379
4853,465,2020-07-04 10:11:33.593579,,1380
6101,465,2020-07-04 10:11:33.59358,,1381
6246,465,2020-07-04 10:11:33.593581,,1382
132,480,2020-07-05 10:10:35.603783,,1383
2089,480,2020-07-05 10:10:35.622072,,1384
2681,480,2020-07-05 10:10:35.622078,,1385
3984,480,2020-07-05 10:10:35.622079,,1386
4428,480,2020-07-05 10:10:35.62208,,1387
4649,480,2020-07-05 10:10:35.622081,,1388
4817,480,2020-07-05 10:10:35.622082,,1389
5294,480,2020-07-05 10:10:35.622083,,1390
5901,480,2020-07-05 10:10:35.622083,,1391
175,477,2020-07-05 10:10:35.630401,,1392
2143,477,2020-07-05 10:10:35.630408,,1393
2695,477,2020-07-05 10:10:35.630409,,1394
3853,477,2020-07-05 10:10:35.63041,,1395
4253,477,2020-07-05 10:10:35.63041,,1396
4475,477,2020-07-05 10:10:35.630411,,1397
4658,477,2020-07-05 10:10:35.630412,,1398
5119,477,2020-07-05 10:10:35.630413,,1399
5662,477,2020-07-05 10:10:35.630413,,1400
184,481,2020-07-05 10:10:35.630491,,1401
2180,481,2020-07-05 10:10:35.630493,,1402
2745,481,2020-07-05 10:10:35.630494,,1403
3910,481,2020-07-05 10:10:35.630495,,1404
4319,481,2020-07-05 10:10:35.630496,,1405
4540,481,2020-07-05 10:10:35.630497,,1406
4710,481,2020-07-05 10:10:35.630498,,1407
5190,481,2020-07-05 10:10:35.630499,,1408
5778,481,2020-07-05 10:10:35.630499,,1409
492,492,2020-07-06 10:10:05.543076,,1428
823,492,2020-07-06 10:10:05.543081,,1429
1192,492,2020-07-06 10:10:05.543082,,1430
2371,492,2020-07-06 10:10:05.543083,,1431
2503,492,2020-07-06 10:10:05.543084,,1432
2918,492,2020-07-06 10:10:05.543085,,1433
3364,492,2020-07-06 10:10:05.543086,,1434
3722,492,2020-07-06 10:10:05.543087,,1435
4293,492,2020-07-06 10:10:05.543087,,1436
490,494,2020-07-06 10:10:05.514731,,1410
786,494,2020-07-06 10:10:05.540151,,1411
1145,494,2020-07-06 10:10:05.540157,,1412
2142,494,2020-07-06 10:10:05.540158,,1413
2269,494,2020-07-06 10:10:05.540159,,1414
2765,494,2020-07-06 10:10:05.54016,,1415
3233,494,2020-07-06 10:10:05.54016,,1416
3637,494,2020-07-06 10:10:05.540161,,1417
4376,494,2020-07-06 10:10:05.540162,,1418
503,493,2020-07-06 10:10:05.542917,,1419
781,493,2020-07-06 10:10:05.542921,,1420
1140,493,2020-07-06 10:10:05.542922,,1421
2156,493,2020-07-06 10:10:05.542925,,1422
2289,493,2020-07-06 10:10:05.542926,,1423
2796,493,2020-07-06 10:10:05.542927,,1424
3231,493,2020-07-06 10:10:05.542927,,1425
3651,493,2020-07-06 10:10:05.542928,,1426
4370,493,2020-07-06 10:10:05.542929,,1427
309,500,2020-07-07 10:08:59.330279,,1437
451,500,2020-07-07 10:08:59.349827,,1438
643,500,2020-07-07 10:08:59.349836,,1439
974,500,2020-07-07 10:08:59.349837,,1440
1244,500,2020-07-07 10:08:59.349838,,1441
1537,500,2020-07-07 10:08:59.349839,,1442
1587,500,2020-07-07 10:08:59.34984,,1443
1733,500,2020-07-07 10:08:59.349841,,1444
1733,500,2020-07-07 10:08:59.349842,,1445
316,501,2020-07-07 10:08:59.398782,,1446
463,501,2020-07-07 10:08:59.398787,,1447
650,501,2020-07-07 10:08:59.398788,,1448
1009,501,2020-07-07 10:08:59.398789,,1449
1303,501,2020-07-07 10:08:59.398791,,1450
1583,501,2020-07-07 10:08:59.398791,,1451
1642,501,2020-07-07 10:08:59.398792,,1452
1787,501,2020-07-07 10:08:59.398793,,1453
1791,501,2020-07-07 10:08:59.398794,,1454
301,510,2020-07-07 10:08:59.589725,,1455
463,510,2020-07-07 10:08:59.589729,,1456
658,510,2020-07-07 10:08:59.58973,,1457
996,510,2020-07-07 10:08:59.589731,,1458
1263,510,2020-07-07 10:08:59.589732,,1459
1556,510,2020-07-07 10:08:59.589733,,1460
1609,510,2020-07-07 10:08:59.589734,,1461
1746,510,2020-07-07 10:08:59.589735,,1462
1746,510,2020-07-07 10:08:59.589736,,1463
0,518,2020-07-08 10:11:02.951043,,1464
547,518,2020-07-08 10:11:02.968793,,1465
568,518,2020-07-08 10:11:02.968802,,1466
840,518,2020-07-08 10:11:02.968803,,1467
1156,518,2020-07-08 10:11:02.968804,,1468
1168,518,2020-07-08 10:11:02.968805,,1469
1176,518,2020-07-08 10:11:02.968806,,1470
1271,518,2020-07-08 10:11:02.968807,,1471
1271,518,2020-07-08 10:11:02.968808,,1472
169,515,2020-07-08 10:11:02.972499,,1473
873,515,2020-07-08 10:11:02.972502,,1474
918,515,2020-07-08 10:11:02.972503,,1475
1169,515,2020-07-08 10:11:02.972504,,1476
1482,515,2020-07-08 10:11:02.972505,,1477
1507,515,2020-07-08 10:11:02.972506,,1478
1526,515,2020-07-08 10:11:02.972507,,1479
1664,515,2020-07-08 10:11:02.972507,,1480
1664,515,2020-07-08 10:11:02.972508,,1481
59,521,2020-07-09 10:50:31.679829,,1482
269,521,2020-07-09 10:50:31.692696,,1483
269,521,2020-07-09 10:50:31.692704,,1484
7,527,2020-07-09 10:50:31.742166,,1485
7,527,2020-07-09 10:50:31.742171,,1486
54,529,2020-07-09 10:50:31.742259,,1487
140,529,2020-07-09 10:50:31.742262,,1488
77,531,2020-07-09 10:50:31.810897,,1489
0,524,2020-07-09 10:50:31.81103,,1490
0,524,2020-07-09 10:50:31.811033,,1491
10,524,2020-07-09 10:50:31.811034,,1492
150,524,2020-07-09 10:50:31.811035,,1493
340,524,2020-07-09 10:50:31.811036,,1494
362,524,2020-07-09 10:50:31.811037,,1495
802,524,2020-07-09 10:50:31.811037,,1496
918,524,2020-07-09 10:50:31.811038,,1497
997,524,2020-07-09 10:50:31.811039,,1498
997,524,2020-07-09 10:50:31.81104,,1499
19,535,2020-07-09 10:50:32.339236,,1500
19,535,2020-07-09 10:50:32.33924,,1501
54,535,2020-07-09 10:50:32.339242,,1502
117,541,2020-07-09 10:50:34.527492,,1503
198,541,2020-07-09 10:50:34.527496,,1504
563,541,2020-07-09 10:50:34.527498,,1505
206,542,2020-07-09 10:50:34.545488,,1506
206,542,2020-07-09 10:50:34.545491,,1507
309,542,2020-07-09 10:50:34.545492,,1508
724,542,2020-07-09 10:50:34.545493,,1509
923,542,2020-07-09 10:50:34.545494,,1510
949,542,2020-07-09 10:50:34.545495,,1511
71,547,2020-07-09 10:50:35.863638,,1512
227,550,2020-07-09 10:50:36.642982,,1513
449,550,2020-07-09 10:50:36.642986,,1514
834,550,2020-07-09 10:50:36.642987,,1515
895,550,2020-07-09 10:50:36.642988,,1516
1546,550,2020-07-09 10:50:36.642989,,1517
1897,550,2020-07-09 10:50:36.64299,,1518
1897,550,2020-07-09 10:50:36.642991,,1519
1897,550,2020-07-09 10:50:36.642992,,1520
1897,550,2020-07-09 10:50:36.642993,,1521
0,554,2020-07-09 10:50:37.52725,,1522
42,554,2020-07-09 10:50:37.527254,,1523
42,554,2020-07-09 10:50:37.527255,,1524
42,554,2020-07-09 10:50:37.527256,,1525
92,554,2020-07-09 10:50:37.527257,,1526
147,554,2020-07-09 10:50:37.527258,,1527
147,554,2020-07-09 10:50:37.527259,,1528
147,554,2020-07-09 10:50:37.52726,,1529
147,554,2020-07-09 10:50:37.527261,,1530
0,555,2020-07-09 10:50:37.615481,,1531
23,555,2020-07-09 10:50:37.615486,,1532
51,555,2020-07-09 10:50:37.615487,,1533
156,555,2020-07-09 10:50:37.615488,,1534
156,555,2020-07-09 10:50:37.615489,,1535
156,555,2020-07-09 10:50:37.61549,,1536
200,555,2020-07-09 10:50:37.615491,,1537
200,555,2020-07-09 10:50:37.615492,,1538
200,555,2020-07-09 10:50:37.615493,,1539
0,558,2020-07-09 10:50:38.878688,,1540
40,558,2020-07-09 10:50:38.878693,,1541
40,558,2020-07-09 10:50:38.878694,,1542
85,558,2020-07-09 10:50:38.878695,,1543
85,558,2020-07-09 10:50:38.878696,,1544
132,558,2020-07-09 10:50:38.878697,,1545
132,558,2020-07-09 10:50:38.878698,,1546
132,558,2020-07-09 10:50:38.878699,,1547
132,558,2020-07-09 10:50:38.878699,,1548
0,562,2020-07-09 10:50:41.003817,,1549
37,562,2020-07-09 10:50:41.003822,,1550
0,566,2020-07-09 10:50:42.605372,,1551
0,566,2020-07-09 10:50:42.605381,,1552
37,566,2020-07-09 10:50:42.605384,,1553
37,566,2020-07-09 10:50:42.605386,,1554
84,566,2020-07-09 10:50:42.605388,,1555
168,566,2020-07-09 10:50:42.60539,,1556
168,566,2020-07-09 10:50:42.605393,,1557
208,566,2020-07-09 10:50:42.605395,,1558
208,566,2020-07-09 10:50:42.605397,,1559
0,570,2020-07-09 10:50:44.247487,,1560
57,570,2020-07-09 10:50:44.247492,,1561
57,570,2020-07-09 10:50:44.247493,,1562
99,570,2020-07-09 10:50:44.247494,,1563
99,570,2020-07-09 10:50:44.247495,,1564
138,570,2020-07-09 10:50:44.247495,,1565
176,570,2020-07-09 10:50:44.247496,,1566
176,570,2020-07-09 10:50:44.247497,,1567
176,570,2020-07-09 10:50:44.247498,,1568
0,574,2020-07-09 10:50:45.866021,,1569
0,574,2020-07-09 10:50:45.866025,,1570
49,574,2020-07-09 10:50:45.866027,,1571
92,574,2020-07-09 10:50:45.866028,,1572
92,574,2020-07-09 10:50:45.866029,,1573
145,574,2020-07-09 10:50:45.86603,,1574
145,574,2020-07-09 10:50:45.866031,,1575
145,574,2020-07-09 10:50:45.866035,,1576
145,574,2020-07-09 10:50:45.866036,,1577
0,578,2020-07-09 10:50:47.663383,,1578
49,578,2020-07-09 10:50:47.663389,,1579
49,578,2020-07-09 10:50:47.66339,,1580
99,578,2020-07-09 10:50:47.663391,,1581
99,578,2020-07-09 10:50:47.663392,,1582
99,578,2020-07-09 10:50:47.663393,,1583
151,578,2020-07-09 10:50:47.663394,,1584
151,578,2020-07-09 10:50:47.663395,,1585
151,578,2020-07-09 10:50:47.663396,,1586
0,582,2020-07-09 10:50:49.745378,,1587
42,582,2020-07-09 10:50:49.745382,,1588
42,582,2020-07-09 10:50:49.745384,,1589
72,582,2020-07-09 10:50:49.745385,,1590
72,582,2020-07-09 10:50:49.745386,,1591
72,582,2020-07-09 10:50:49.745387,,1592
95,582,2020-07-09 10:50:49.745405,,1593
95,582,2020-07-09 10:50:49.745406,,1594
95,582,2020-07-09 10:50:49.745407,,1595
0,586,2020-07-09 10:50:51.281075,,1596
20,586,2020-07-09 10:50:51.281084,,1597
20,586,2020-07-09 10:50:51.281087,,1598
58,586,2020-07-09 10:50:51.281089,,1599
58,586,2020-07-09 10:50:51.281091,,1600
58,586,2020-07-09 10:50:51.281093,,1601
58,586,2020-07-09 10:50:51.281095,,1602
58,586,2020-07-09 10:50:51.281098,,1603
58,586,2020-07-09 10:50:51.2811,,1604
0,587,2020-07-09 10:50:51.647304,,1605
0,590,2020-07-09 10:50:53.0372,,1606
41,590,2020-07-09 10:50:53.037206,,1607
41,590,2020-07-09 10:50:53.037207,,1608
58,590,2020-07-09 10:50:53.037208,,1609
58,590,2020-07-09 10:50:53.037209,,1610
58,590,2020-07-09 10:50:53.03721,,1611
58,590,2020-07-09 10:50:53.037211,,1612
58,590,2020-07-09 10:50:53.037212,,1613
58,590,2020-07-09 10:50:53.037213,,1614
9,594,2020-07-09 10:51:05.708202,,1615
569,594,2020-07-09 10:51:05.708207,,1616
688,594,2020-07-09 10:51:05.708209,,1617
1132,594,2020-07-09 10:51:05.70821,,1618
1670,594,2020-07-09 10:51:05.708211,,1619
1721,594,2020-07-09 10:51:05.708212,,1620
0,598,2020-07-09 10:51:18.495347,,1621
101,598,2020-07-09 10:51:18.495352,,1622
122,598,2020-07-09 10:51:18.495353,,1623
294,598,2020-07-09 10:51:18.495354,,1624
828,598,2020-07-09 10:51:18.495356,,1625
1105,598,2020-07-09 10:51:18.495357,,1626
1154,598,2020-07-09 10:51:18.495358,,1627
1217,598,2020-07-09 10:51:18.495359,,1628
1244,598,2020-07-09 10:51:18.49536,,1629
0,602,2020-07-09 10:52:05.133779,,1630
198,602,2020-07-09 10:52:05.133784,,1631
475,602,2020-07-09 10:52:05.133785,,1632
975,602,2020-07-09 10:52:05.133786,,1633
2064,602,2020-07-09 10:52:05.133787,,1634
2277,602,2020-07-09 10:52:05.133788,,1635
2277,602,2020-07-09 10:52:05.133789,,1636
2473,602,2020-07-09 10:52:05.13379,,1637
2824,602,2020-07-09 10:52:05.133791,,1638
0,606,2020-07-09 10:52:40.599108,,1639
43,606,2020-07-09 10:52:40.599113,,1640
43,606,2020-07-09 10:52:40.599114,,1641
123,606,2020-07-09 10:52:40.599115,,1642
174,606,2020-07-09 10:52:40.599117,,1643
276,606,2020-07-09 10:52:40.599118,,1644
307,606,2020-07-09 10:52:40.599119,,1645
364,606,2020-07-09 10:52:40.59912,,1646
364,606,2020-07-09 10:52:40.599121,,1647
27,610,2020-07-09 10:53:26.742805,,1648
259,610,2020-07-09 10:53:26.74281,,1649
340,610,2020-07-09 10:53:26.742811,,1650
902,610,2020-07-09 10:53:26.742812,,1651
1360,610,2020-07-09 10:53:26.742813,,1652
1447,610,2020-07-09 10:53:26.742814,,1653
1880,610,2020-07-09 10:53:26.742816,,1654
2049,610,2020-07-09 10:53:26.742817,,1655
2049,610,2020-07-09 10:53:26.742818,,1656
360,614,2020-07-09 10:54:01.231911,,1657
393,614,2020-07-09 10:54:01.231916,,1658
627,614,2020-07-09 10:54:01.231917,,1659
1218,614,2020-07-09 10:54:01.231918,,1660
1540,614,2020-07-09 10:54:01.231919,,1661
1682,614,2020-07-09 10:54:01.23192,,1662
2035,614,2020-07-09 10:54:01.231921,,1663
2270,614,2020-07-09 10:54:01.231922,,1664
2270,614,2020-07-09 10:54:01.231924,,1665
70,618,2020-07-09 10:54:47.115396,,1666
270,618,2020-07-09 10:54:47.115401,,1667
635,618,2020-07-09 10:54:47.115403,,1668
992,618,2020-07-09 10:54:47.115404,,1669
1529,618,2020-07-09 10:54:47.115405,,1670
1812,618,2020-07-09 10:54:47.115406,,1671
1926,618,2020-07-09 10:54:47.115407,,1672
2219,618,2020-07-09 10:54:47.115408,,1673
2258,618,2020-07-09 10:54:47.115409,,1674
239,622,2020-07-09 10:55:36.093834,,1675
362,622,2020-07-09 10:55:36.093839,,1676
895,622,2020-07-09 10:55:36.09384,,1677
1395,622,2020-07-09 10:55:36.093841,,1678
1764,622,2020-07-09 10:55:36.093842,,1679
2157,622,2020-07-09 10:55:36.093843,,1680
2335,622,2020-07-09 10:55:36.093844,,1681
2348,622,2020-07-09 10:55:36.093845,,1682
2358,622,2020-07-09 10:55:36.093846,,1683
0,628,2020-07-09 15:28:11.152998,,1684
0,628,2020-07-09 15:28:11.171283,,1685
27,628,2020-07-09 15:28:11.17129,,1686
0,630,2020-07-09 15:28:11.173988,,1687
0,630,2020-07-09 15:28:11.173991,,1688
36,630,2020-07-09 15:28:11.173992,,1689
36,630,2020-07-09 15:28:11.173993,,1690
91,630,2020-07-09 15:28:11.173994,,1691
169,630,2020-07-09 15:28:11.173995,,1692
169,630,2020-07-09 15:28:11.173996,,1693
0,632,2020-07-09 15:28:11.359495,,1694
0,635,2020-07-09 15:28:11.734791,,1695
40,635,2020-07-09 15:28:11.734797,,1696
40,635,2020-07-09 15:28:11.734798,,1697
91,635,2020-07-09 15:28:11.734799,,1698
91,635,2020-07-09 15:28:11.7348,,1699
91,635,2020-07-09 15:28:11.734801,,1700
149,635,2020-07-09 15:28:11.734802,,1701
149,635,2020-07-09 15:28:11.734803,,1702
149,635,2020-07-09 15:28:11.734804,,1703
0,639,2020-07-09 15:28:13.735352,,1704
42,639,2020-07-09 15:28:13.735357,,1705
42,639,2020-07-09 15:28:13.735358,,1706
73,639,2020-07-09 15:28:13.735359,,1707
73,639,2020-07-09 15:28:13.735361,,1708
73,639,2020-07-09 15:28:13.735362,,1709
96,639,2020-07-09 15:28:13.735363,,1710
96,639,2020-07-09 15:28:13.735364,,1711
96,639,2020-07-09 15:28:13.735365,,1712
0,643,2020-07-09 15:28:15.129383,,1713
20,643,2020-07-09 15:28:15.129388,,1714
20,643,2020-07-09 15:28:15.129389,,1715
67,643,2020-07-09 15:28:15.12939,,1716
67,643,2020-07-09 15:28:15.129391,,1717
0,647,2020-07-09 15:28:16.70834,,1718
45,647,2020-07-09 15:28:16.708346,,1719
45,647,2020-07-09 15:28:16.708347,,1720
68,647,2020-07-09 15:28:16.708349,,1721
68,647,2020-07-09 15:28:16.70835,,1722
68,647,2020-07-09 15:28:16.708351,,1723
68,647,2020-07-09 15:28:16.708352,,1724
68,647,2020-07-09 15:28:16.708353,,1725
68,647,2020-07-09 15:28:16.708354,,1726
0,651,2020-07-09 15:28:18.482544,,1727
526,651,2020-07-09 15:28:18.482549,,1728
650,651,2020-07-09 15:28:18.48255,,1729
1146,651,2020-07-09 15:28:18.482551,,1730
1699,651,2020-07-09 15:28:18.482552,,1731
1764,651,2020-07-09 15:28:18.482553,,1732
0,655,2020-07-09 15:28:20.003527,,1733
90,655,2020-07-09 15:28:20.003531,,1734
105,655,2020-07-09 15:28:20.003532,,1735
290,655,2020-07-09 15:28:20.003533,,1736
933,655,2020-07-09 15:28:20.003535,,1737
1215,655,2020-07-09 15:28:20.003535,,1738
1235,655,2020-07-09 15:28:20.003536,,1739
0,659,2020-07-09 15:28:21.849894,,1740
237,659,2020-07-09 15:28:21.8499,,1741
571,659,2020-07-09 15:28:21.849901,,1742
1166,659,2020-07-09 15:28:21.849902,,1743
2407,659,2020-07-09 15:28:21.849903,,1744
2829,659,2020-07-09 15:28:21.849905,,1745
3618,659,2020-07-09 15:28:21.849906,,1746
4419,659,2020-07-09 15:28:21.849907,,1747
4861,659,2020-07-09 15:28:21.849908,,1748
0,663,2020-07-09 15:28:23.3976,,1749
50,663,2020-07-09 15:28:23.397605,,1750
50,663,2020-07-09 15:28:23.397606,,1751
139,663,2020-07-09 15:28:23.397607,,1752
190,663,2020-07-09 15:28:23.397608,,1753
292,663,2020-07-09 15:28:23.39761,,1754
325,663,2020-07-09 15:28:23.397611,,1755
382,663,2020-07-09 15:28:23.397612,,1756
382,663,2020-07-09 15:28:23.397613,,1757
37,665,2020-07-09 15:28:24.317266,,1758
284,665,2020-07-09 15:28:24.317271,,1759
384,669,2020-07-09 15:28:25.825454,,1760
418,669,2020-07-09 15:28:25.82546,,1761
686,669,2020-07-09 15:28:25.825461,,1762
1315,669,2020-07-09 15:28:25.825462,,1763
1637,669,2020-07-09 15:28:25.825463,,1764
1792,669,2020-07-09 15:28:25.825465,,1765
2151,669,2020-07-09 15:28:25.825466,,1766
2402,669,2020-07-09 15:28:25.825467,,1767
2402,669,2020-07-09 15:28:25.825468,,1768
74,673,2020-07-09 15:28:27.472716,,1769
266,673,2020-07-09 15:28:27.472722,,1770
652,673,2020-07-09 15:28:27.472723,,1771
1051,673,2020-07-09 15:28:27.472724,,1772
1592,673,2020-07-09 15:28:27.472725,,1773
1882,673,2020-07-09 15:28:27.472726,,1774
1999,673,2020-07-09 15:28:27.472727,,1775
2300,673,2020-07-09 15:28:27.472728,,1776
2300,673,2020-07-09 15:28:27.47273,,1777
300,677,2020-07-09 15:28:29.48078,,1778
465,677,2020-07-09 15:28:29.480801,,1779
1011,677,2020-07-09 15:28:29.480802,,1780
1581,677,2020-07-09 15:28:29.480803,,1781
2016,677,2020-07-09 15:28:29.480804,,1782
2429,677,2020-07-09 15:28:29.480805,,1783
2644,677,2020-07-09 15:28:29.480806,,1784
2644,677,2020-07-09 15:28:29.480807,,1785
2651,677,2020-07-09 15:28:29.480808,,1786
0,681,2020-07-09 15:28:30.98288,,1787
155,681,2020-07-09 15:28:30.982885,,1788
652,681,2020-07-09 15:28:30.982886,,1789
887,681,2020-07-09 15:28:30.982887,,1790
1380,681,2020-07-09 15:28:30.982888,,1791
3169,681,2020-07-09 15:28:30.982889,,1792
4853,681,2020-07-09 15:28:30.98289,,1793
6101,681,2020-07-09 15:28:30.982891,,1794
6246,681,2020-07-09 15:28:30.982892,,1795
132,685,2020-07-09 15:28:32.540585,,1796
2089,685,2020-07-09 15:28:32.540608,,1797
2681,685,2020-07-09 15:28:32.540609,,1798
3984,685,2020-07-09 15:28:32.54061,,1799
4428,685,2020-07-09 15:28:32.540611,,1800
4649,685,2020-07-09 15:28:32.540612,,1801
4817,685,2020-07-09 15:28:32.540634,,1802
5294,685,2020-07-09 15:28:32.540635,,1803
5901,685,2020-07-09 15:28:32.540636,,1804
492,689,2020-07-09 15:28:34.154985,,1805
823,689,2020-07-09 15:28:34.15499,,1806
1192,689,2020-07-09 15:28:34.154992,,1807
2371,689,2020-07-09 15:28:34.154993,,1808
2503,689,2020-07-09 15:28:34.154994,,1809
2918,689,2020-07-09 15:28:34.154995,,1810
3364,689,2020-07-09 15:28:34.154996,,1811
3722,689,2020-07-09 15:28:34.154997,,1812
4293,689,2020-07-09 15:28:34.154998,,1813
0,697,2020-07-09 15:28:40.549815,,1822
162,697,2020-07-09 15:28:40.54982,,1823
607,697,2020-07-09 15:28:40.549821,,1824
792,697,2020-07-09 15:28:40.549822,,1825
1281,697,2020-07-09 15:28:40.549824,,1826
2798,697,2020-07-09 15:28:40.549825,,1827
4278,697,2020-07-09 15:28:40.549826,,1828
5381,697,2020-07-09 15:28:40.549827,,1829
5495,697,2020-07-09 15:28:40.549828,,1830
175,701,2020-07-09 15:28:42.043364,,1831
2143,701,2020-07-09 15:28:42.04337,,1832
2695,701,2020-07-09 15:28:42.043371,,1833
3853,701,2020-07-09 15:28:42.043372,,1834
4253,701,2020-07-09 15:28:42.043373,,1835
4475,701,2020-07-09 15:28:42.043374,,1836
4658,701,2020-07-09 15:28:42.043376,,1837
5119,701,2020-07-09 15:28:42.043377,,1838
5662,701,2020-07-09 15:28:42.043378,,1839
12,709,2020-07-09 15:28:48.669825,,1849
830,709,2020-07-09 15:28:48.669847,,1850
916,709,2020-07-09 15:28:48.669848,,1851
1155,709,2020-07-09 15:28:48.66985,,1852
1482,709,2020-07-09 15:28:48.669851,,1853
1655,709,2020-07-09 15:28:48.669852,,1854
1835,709,2020-07-09 15:28:48.669852,,1855
2035,709,2020-07-09 15:28:48.669853,,1856
2051,709,2020-07-09 15:28:48.669854,,1857
211,713,2020-07-09 15:28:50.200747,,1858
211,713,2020-07-09 15:28:50.200754,,1859
333,713,2020-07-09 15:28:50.200755,,1860
749,713,2020-07-09 15:28:50.200756,,1861
4,693,2020-07-09 15:28:38.941417,,1814
873,693,2020-07-09 15:28:38.941424,,1815
935,693,2020-07-09 15:28:38.941425,,1816
1188,693,2020-07-09 15:28:38.941426,,1817
1534,693,2020-07-09 15:28:38.941427,,1818
1701,693,2020-07-09 15:28:38.941428,,1819
1841,693,2020-07-09 15:28:38.941429,,1820
2080,693,2020-07-09 15:28:38.94143,,1821
490,705,2020-07-09 15:28:43.675561,,1840
786,705,2020-07-09 15:28:43.675566,,1841
1145,705,2020-07-09 15:28:43.675567,,1842
2142,705,2020-07-09 15:28:43.675568,,1843
2269,705,2020-07-09 15:28:43.675569,,1844
2765,705,2020-07-09 15:28:43.67557,,1845
3233,705,2020-07-09 15:28:43.675571,,1846
3637,705,2020-07-09 15:28:43.675572,,1847
4376,705,2020-07-09 15:28:43.675572,,1848
963,713,2020-07-09 15:28:50.200757,,1862
78,715,2020-07-09 15:28:51.111509,,1863
253,719,2020-07-09 15:28:52.862837,,1864
470,719,2020-07-09 15:28:52.862842,,1865
856,719,2020-07-09 15:28:52.862844,,1866
914,719,2020-07-09 15:28:52.862845,,1867
1569,719,2020-07-09 15:28:52.862846,,1868
1905,719,2020-07-09 15:28:52.862847,,1869
1905,719,2020-07-09 15:28:52.862848,,1870
1905,719,2020-07-09 15:28:52.862849,,1871
1905,719,2020-07-09 15:28:52.86285,,1872
0,723,2020-07-09 15:28:54.418262,,1873
39,723,2020-07-09 15:28:54.418267,,1874
39,723,2020-07-09 15:28:54.418269,,1875
39,723,2020-07-09 15:28:54.41827,,1876
88,723,2020-07-09 15:28:54.418271,,1877
141,723,2020-07-09 15:28:54.418272,,1878
141,723,2020-07-09 15:28:54.418273,,1879
141,723,2020-07-09 15:28:54.418274,,1880
141,723,2020-07-09 15:28:54.418275,,1881
0,725,2020-07-09 15:28:55.429767,,1882
45,725,2020-07-09 15:28:55.429772,,1883
0,729,2020-07-09 15:28:56.883517,,1884
15,729,2020-07-09 15:28:56.883523,,1885
37,729,2020-07-09 15:28:56.883528,,1886
160,729,2020-07-09 15:28:56.883529,,1887
160,729,2020-07-09 15:28:56.88353,,1888
160,729,2020-07-09 15:28:56.883531,,1889
203,729,2020-07-09 15:28:56.883532,,1890
203,729,2020-07-09 15:28:56.883533,,1891
203,729,2020-07-09 15:28:56.883534,,1892
0,730,2020-07-09 15:28:57.51901,,1893
0,734,2020-07-09 15:28:59.106603,,1894
0,734,2020-07-09 15:28:59.106626,,1895
38,734,2020-07-09 15:28:59.106628,,1896
38,734,2020-07-09 15:28:59.106629,,1897
88,734,2020-07-09 15:28:59.10663,,1898
174,734,2020-07-09 15:28:59.106631,,1899
174,734,2020-07-09 15:28:59.106632,,1900
214,734,2020-07-09 15:28:59.106633,,1901
214,734,2020-07-09 15:28:59.106634,,1902
0,738,2020-07-09 15:29:00.759522,,1903
61,738,2020-07-09 15:29:00.759527,,1904
61,738,2020-07-09 15:29:00.759528,,1905
106,738,2020-07-09 15:29:00.759529,,1906
106,738,2020-07-09 15:29:00.75953,,1907
146,738,2020-07-09 15:29:00.759531,,1908
185,738,2020-07-09 15:29:00.759532,,1909
185,738,2020-07-09 15:29:00.759533,,1910
185,738,2020-07-09 15:29:00.759535,,1911
0,742,2020-07-09 15:29:02.319769,,1912
0,742,2020-07-09 15:29:02.319773,,1913
47,742,2020-07-09 15:29:02.319775,,1914
88,742,2020-07-09 15:29:02.319776,,1915
88,742,2020-07-09 15:29:02.319777,,1916
142,742,2020-07-09 15:29:02.319778,,1917
142,742,2020-07-09 15:29:02.319779,,1918
142,742,2020-07-09 15:29:02.31978,,1919
142,742,2020-07-09 15:29:02.319781,,1920
0,746,2020-07-09 15:29:03.661148,,1921
43,746,2020-07-09 15:29:03.661154,,1922
43,746,2020-07-09 15:29:03.661155,,1923
90,746,2020-07-09 15:29:03.661156,,1924
90,746,2020-07-09 15:29:03.661158,,1925
90,746,2020-07-09 15:29:03.661159,,1926
142,746,2020-07-09 15:29:03.661163,,1927
142,746,2020-07-09 15:29:03.661165,,1928
142,746,2020-07-09 15:29:03.661166,,1929
0,750,2020-07-09 15:29:05.281525,,1930
36,750,2020-07-09 15:29:05.28153,,1931
36,750,2020-07-09 15:29:05.281531,,1932
65,750,2020-07-09 15:29:05.281532,,1933
65,750,2020-07-09 15:29:05.281533,,1934
65,750,2020-07-09 15:29:05.281534,,1935
87,750,2020-07-09 15:29:05.281534,,1936
87,750,2020-07-09 15:29:05.281535,,1937
87,750,2020-07-09 15:29:05.281536,,1938
0,754,2020-07-09 15:29:06.823453,,1939
22,754,2020-07-09 15:29:06.823458,,1940
22,754,2020-07-09 15:29:06.82346,,1941
66,754,2020-07-09 15:29:06.823461,,1942
66,754,2020-07-09 15:29:06.823462,,1943
66,754,2020-07-09 15:29:06.823463,,1944
66,754,2020-07-09 15:29:06.823464,,1945
66,754,2020-07-09 15:29:06.823465,,1946
66,754,2020-07-09 15:29:06.823466,,1947
0,758,2020-07-09 15:29:08.358397,,1948
21,758,2020-07-09 15:29:08.358402,,1949
21,758,2020-07-09 15:29:08.358404,,1950
66,758,2020-07-09 15:29:08.358405,,1951
66,758,2020-07-09 15:29:08.358406,,1952
0,762,2020-07-09 15:29:09.990003,,1953
37,762,2020-07-09 15:29:09.990009,,1954
37,762,2020-07-09 15:29:09.99001,,1955
55,762,2020-07-09 15:29:09.990011,,1956
55,762,2020-07-09 15:29:09.990012,,1957
55,762,2020-07-09 15:29:09.990013,,1958
55,762,2020-07-09 15:29:09.990014,,1959
55,762,2020-07-09 15:29:09.990015,,1960
55,762,2020-07-09 15:29:09.990016,,1961
9,766,2020-07-09 15:29:11.524754,,1962
603,766,2020-07-09 15:29:11.52476,,1963
735,766,2020-07-09 15:29:11.524761,,1964
1204,766,2020-07-09 15:29:11.524762,,1965
1758,766,2020-07-09 15:29:11.524763,,1966
1819,766,2020-07-09 15:29:11.524764,,1967
0,770,2020-07-09 15:29:13.180474,,1968
91,770,2020-07-09 15:29:13.180479,,1969
120,770,2020-07-09 15:29:13.180481,,1970
308,770,2020-07-09 15:29:13.180482,,1971
879,770,2020-07-09 15:29:13.180483,,1972
1158,770,2020-07-09 15:29:13.180484,,1973
1193,770,2020-07-09 15:29:13.180485,,1974
1286,770,2020-07-09 15:29:13.180486,,1975
1311,770,2020-07-09 15:29:13.180487,,1976
0,774,2020-07-09 15:29:14.697773,,1977
229,774,2020-07-09 15:29:14.697779,,1978
531,774,2020-07-09 15:29:14.69778,,1979
1057,774,2020-07-09 15:29:14.697781,,1980
2197,774,2020-07-09 15:29:14.697782,,1981
2403,774,2020-07-09 15:29:14.697783,,1982
2403,774,2020-07-09 15:29:14.697785,,1983
2592,774,2020-07-09 15:29:14.697786,,1984
2993,774,2020-07-09 15:29:14.697787,,1985
0,778,2020-07-09 15:29:16.280137,,1986
45,778,2020-07-09 15:29:16.280142,,1987
45,778,2020-07-09 15:29:16.280144,,1988
130,778,2020-07-09 15:29:16.280145,,1989
190,778,2020-07-09 15:29:16.280146,,1990
294,778,2020-07-09 15:29:16.280147,,1991
325,778,2020-07-09 15:29:16.280148,,1992
383,778,2020-07-09 15:29:16.280149,,1993
383,778,2020-07-09 15:29:16.28015,,1994
53,782,2020-07-09 15:29:17.698074,,1995
294,782,2020-07-09 15:29:17.698079,,1996
383,782,2020-07-09 15:29:17.698081,,1997
963,782,2020-07-09 15:29:17.698082,,1998
1429,782,2020-07-09 15:29:17.698083,,1999
1532,782,2020-07-09 15:29:17.698084,,2000
1961,782,2020-07-09 15:29:17.698085,,2001
2158,782,2020-07-09 15:29:17.698086,,2002
2158,782,2020-07-09 15:29:17.698087,,2003
360,786,2020-07-09 15:29:19.168586,,2004
410,786,2020-07-09 15:29:19.168591,,2005
656,786,2020-07-09 15:29:19.168592,,2006
1265,786,2020-07-09 15:29:19.168593,,2007
1582,786,2020-07-09 15:29:19.168594,,2008
1720,786,2020-07-09 15:29:19.168595,,2009
2070,786,2020-07-09 15:29:19.168596,,2010
2331,786,2020-07-09 15:29:19.168597,,2011
2331,786,2020-07-09 15:29:19.168602,,2012
78,790,2020-07-09 15:29:20.8167,,2013
300,790,2020-07-09 15:29:20.816705,,2014
672,790,2020-07-09 15:29:20.816706,,2015
1027,790,2020-07-09 15:29:20.816707,,2016
1553,790,2020-07-09 15:29:20.816708,,2017
1848,790,2020-07-09 15:29:20.816709,,2018
1960,790,2020-07-09 15:29:20.81671,,2019
2255,790,2020-07-09 15:29:20.816711,,2020
2296,790,2020-07-09 15:29:20.816712,,2021
255,794,2020-07-09 15:29:22.310889,,2022
388,794,2020-07-09 15:29:22.310894,,2023
903,794,2020-07-09 15:29:22.310895,,2024
1430,794,2020-07-09 15:29:22.310896,,2025
1766,794,2020-07-09 15:29:22.310897,,2026
2154,794,2020-07-09 15:29:22.310898,,2027
2345,794,2020-07-09 15:29:22.310899,,2028
2361,794,2020-07-09 15:29:22.3109,,2029
2370,794,2020-07-09 15:29:22.310901,,2030
0,798,2020-07-09 15:29:23.915129,,2031
163,798,2020-07-09 15:29:23.915134,,2032
607,798,2020-07-09 15:29:23.915135,,2033
817,798,2020-07-09 15:29:23.915139,,2034
1300,798,2020-07-09 15:29:23.91514,,2035
2896,798,2020-07-09 15:29:23.915141,,2036
4392,798,2020-07-09 15:29:23.915142,,2037
5488,798,2020-07-09 15:29:23.915143,,2038
5594,798,2020-07-09 15:29:23.915144,,2039
184,802,2020-07-09 15:29:25.680467,,2040
2180,802,2020-07-09 15:29:25.680473,,2041
2745,802,2020-07-09 15:29:25.680474,,2042
3910,802,2020-07-09 15:29:25.680475,,2043
4319,802,2020-07-09 15:29:25.680476,,2044
4540,802,2020-07-09 15:29:25.680478,,2045
4710,802,2020-07-09 15:29:25.680479,,2046
5190,802,2020-07-09 15:29:25.68048,,2047
5778,802,2020-07-09 15:29:25.680481,,2048
503,806,2020-07-09 15:29:27.271619,,2049
781,806,2020-07-09 15:29:27.271624,,2050
1140,806,2020-07-09 15:29:27.271625,,2051
2156,806,2020-07-09 15:29:27.271626,,2052
2289,806,2020-07-09 15:29:27.271627,,2053
2796,806,2020-07-09 15:29:27.271628,,2054
3231,806,2020-07-09 15:29:27.271629,,2055
3651,806,2020-07-09 15:29:27.27163,,2056
4370,806,2020-07-09 15:29:27.271631,,2057
167,810,2020-07-09 15:29:30.530599,,2058
836,810,2020-07-09 15:29:30.530604,,2059
874,810,2020-07-09 15:29:30.530605,,2060
1117,810,2020-07-09 15:29:30.530606,,2061
1425,810,2020-07-09 15:29:30.530607,,2062
1444,810,2020-07-09 15:29:30.530608,,2063
1453,810,2020-07-09 15:29:30.530609,,2064
1597,810,2020-07-09 15:29:30.53061,,2065
1597,810,2020-07-09 15:29:30.530611,,2066
14,814,2020-07-09 15:29:32.147041,,2067
838,814,2020-07-09 15:29:32.147047,,2068
943,814,2020-07-09 15:29:32.147048,,2069
1193,814,2020-07-09 15:29:32.147049,,2070
1534,814,2020-07-09 15:29:32.14705,,2071
1704,814,2020-07-09 15:29:32.147051,,2072
1883,814,2020-07-09 15:29:32.147052,,2073
2098,814,2020-07-09 15:29:32.147053,,2074
327,818,2020-07-10 21:22:39.342521,,2075
429,818,2020-07-10 21:22:39.360705,,2076
649,818,2020-07-10 21:22:39.360712,,2077
769,818,2020-07-10 21:22:39.360713,,2078
1532,818,2020-07-10 21:22:39.360714,,2079
2943,818,2020-07-10 21:22:39.360717,,2080
2943,818,2020-07-10 21:22:39.360718,,2081
3152,818,2020-07-10 21:22:39.360719,,2082
3169,818,2020-07-10 21:22:39.36072,,2083
242,822,2020-07-10 21:23:03.233822,,2084
282,822,2020-07-10 21:23:03.233826,,2085
994,822,2020-07-10 21:23:03.233827,,2086
1192,822,2020-07-10 21:23:03.233828,,2087
1460,822,2020-07-10 21:23:03.233829,,2088
349,826,2020-07-10 21:23:50.151106,,2089
450,826,2020-07-10 21:23:50.151111,,2090
683,826,2020-07-10 21:23:50.151112,,2091
816,826,2020-07-10 21:23:50.151113,,2092
1618,826,2020-07-10 21:23:50.151114,,2093
3035,826,2020-07-10 21:23:50.151115,,2094
3035,826,2020-07-10 21:23:50.151116,,2095
3263,826,2020-07-10 21:23:50.151117,,2096
3278,826,2020-07-10 21:23:50.151118,,2097
241,830,2020-07-10 21:24:14.671363,,2098
279,830,2020-07-10 21:24:14.671372,,2099
949,830,2020-07-10 21:24:14.671374,,2100
1169,830,2020-07-10 21:24:14.671376,,2101
1440,830,2020-07-10 21:24:14.671379,,2102
340,834,2020-07-10 21:24:49.679102,,2103
375,834,2020-07-10 21:24:49.679111,,2104
517,834,2020-07-10 21:24:49.679114,,2105
581,834,2020-07-10 21:24:49.679116,,2106
1307,834,2020-07-10 21:24:49.679118,,2107
2665,834,2020-07-10 21:24:49.67912,,2108
2665,834,2020-07-10 21:24:49.679122,,2109
2919,834,2020-07-10 21:24:49.679125,,2110
2929,834,2020-07-10 21:24:49.679127,,2111
292,838,2020-07-10 21:25:36.067866,,2112
318,838,2020-07-10 21:25:36.067871,,2113
1101,838,2020-07-10 21:25:36.067872,,2114
1287,838,2020-07-10 21:25:36.067873,,2115
1562,838,2020-07-10 21:25:36.067874,,2116
666,840,2020-07-12 10:10:29.88385,,2117
833,840,2020-07-12 10:10:29.902218,,2118
1550,840,2020-07-12 10:10:29.902225,,2119
2136,840,2020-07-12 10:10:29.902226,,2120
2318,840,2020-07-12 10:10:29.902227,,2121
2517,840,2020-07-12 10:10:29.902228,,2122
2634,840,2020-07-12 10:10:29.902229,,2123
2866,840,2020-07-12 10:10:29.90223,,2124
2866,840,2020-07-12 10:10:29.902231,,2125
640,842,2020-07-12 10:10:29.904871,,2135
769,842,2020-07-12 10:10:29.904874,,2136
1463,842,2020-07-12 10:10:29.904875,,2137
2041,842,2020-07-12 10:10:29.904876,,2138
2231,842,2020-07-12 10:10:29.904877,,2139
2433,842,2020-07-12 10:10:29.904878,,2140
2544,842,2020-07-12 10:10:29.904879,,2141
2778,842,2020-07-12 10:10:29.90488,,2142
2778,842,2020-07-12 10:10:29.904881,,2143
667,841,2020-07-12 10:10:29.903452,,2126
870,841,2020-07-12 10:10:29.903456,,2127
1571,841,2020-07-12 10:10:29.903457,,2128
2155,841,2020-07-12 10:10:29.903458,,2129
2345,841,2020-07-12 10:10:29.903459,,2130
2521,841,2020-07-12 10:10:29.90346,,2131
2638,841,2020-07-12 10:10:29.903461,,2132
2851,841,2020-07-12 10:10:29.903462,,2133
2851,841,2020-07-12 10:10:29.903462,,2134
360,854,2020-07-13 10:08:57.625042,,2144
599,854,2020-07-13 10:08:57.625045,,2145
961,854,2020-07-13 10:08:57.625046,,2146
1503,854,2020-07-13 10:08:57.625047,,2147
3444,854,2020-07-13 10:08:57.625051,,2148
4518,854,2020-07-13 10:08:57.625052,,2149
4911,854,2020-07-13 10:08:57.625052,,2150
5494,854,2020-07-13 10:08:57.625053,,2151
5494,854,2020-07-13 10:08:57.625054,,2152
384,861,2020-07-13 10:08:57.605747,,2153
627,861,2020-07-13 10:08:57.623983,,2154
1002,861,2020-07-13 10:08:57.623989,,2155
1557,861,2020-07-13 10:08:57.62399,,2156
3572,861,2020-07-13 10:08:57.623992,,2157
4653,861,2020-07-13 10:08:57.623992,,2158
5041,861,2020-07-13 10:08:57.623993,,2159
5661,861,2020-07-13 10:08:57.623994,,2160
5661,861,2020-07-13 10:08:57.623995,,2161
434,862,2020-07-13 10:08:57.635559,,2162
700,862,2020-07-13 10:08:57.635562,,2163
1093,862,2020-07-13 10:08:57.635563,,2164
1638,862,2020-07-13 10:08:57.635564,,2165
3651,862,2020-07-13 10:08:57.635565,,2166
4721,862,2020-07-13 10:08:57.635566,,2167
5120,862,2020-07-13 10:08:57.635567,,2168
5724,862,2020-07-13 10:08:57.635568,,2169
5724,862,2020-07-13 10:08:57.635568,,2170
717,866,2020-07-14 10:46:03.217423,,2171
929,866,2020-07-14 10:46:03.236549,,2172
929,866,2020-07-14 10:46:03.23656,,2173
929,866,2020-07-14 10:46:03.236561,,2174
1454,866,2020-07-14 10:46:03.236563,,2175
1548,866,2020-07-14 10:46:03.236564,,2176
1898,866,2020-07-14 10:46:03.236565,,2177
1998,866,2020-07-14 10:46:03.236565,,2178
2010,866,2020-07-14 10:46:03.236567,,2179
862,870,2020-07-14 11:15:19.067851,,2180
1066,870,2020-07-14 11:15:19.067859,,2181
1066,870,2020-07-14 11:15:19.067861,,2182
1066,870,2020-07-14 11:15:19.067862,,2183
1611,870,2020-07-14 11:15:19.067863,,2184
1700,870,2020-07-14 11:15:19.067864,,2185
2047,870,2020-07-14 11:15:19.067864,,2186
2161,870,2020-07-14 11:15:19.067865,,2187
2171,870,2020-07-14 11:15:19.067866,,2188
137,876,2020-07-15 10:11:41.50245,,2189
815,876,2020-07-15 10:11:41.522511,,2190
937,876,2020-07-15 10:11:41.522518,,2191
1057,876,2020-07-15 10:11:41.522519,,2192
1067,876,2020-07-15 10:11:41.52252,,2193
1822,876,2020-07-15 10:11:41.522521,,2194
1999,876,2020-07-15 10:11:41.522522,,2195
2269,876,2020-07-15 10:11:41.522523,,2196
2269,876,2020-07-15 10:11:41.522524,,2197
133,880,2020-07-15 10:19:27.48331,,2198
806,880,2020-07-15 10:19:27.483338,,2199
923,880,2020-07-15 10:19:27.483339,,2200
1035,880,2020-07-15 10:19:27.48334,,2201
1035,880,2020-07-15 10:19:27.483341,,2202
1825,880,2020-07-15 10:19:27.483342,,2203
2010,880,2020-07-15 10:19:27.483343,,2204
2288,880,2020-07-15 10:19:27.483344,,2205
2292,880,2020-07-15 10:19:27.483346,,2206
133,883,2020-07-15 17:14:53.580827,,2207
806,883,2020-07-15 17:14:53.589827,,2208
923,883,2020-07-15 17:14:53.589827,,2209
1035,883,2020-07-15 17:14:53.589827,,2210
1035,883,2020-07-15 17:14:53.589827,,2211
1825,883,2020-07-15 17:14:53.589827,,2212
2010,883,2020-07-15 17:14:53.589827,,2213
2288,883,2020-07-15 17:14:53.589827,,2214
2292,883,2020-07-15 17:14:53.589827,,2215
0,887,2020-07-16 10:54:10.550604,,2216
141,887,2020-07-16 10:54:10.576285,,2217
203,887,2020-07-16 10:54:10.576294,,2218
330,887,2020-07-16 10:54:10.576295,,2219
801,887,2020-07-16 10:54:10.576296,,2220
1000,887,2020-07-16 10:54:10.576297,,2221
1084,887,2020-07-16 10:54:10.576298,,2222
1129,887,2020-07-16 10:54:10.576299,,2223
1129,887,2020-07-16 10:54:10.5763,,2224
0,890,2020-07-16 11:15:26.306097,,2225
138,890,2020-07-16 11:15:26.306104,,2226
196,890,2020-07-16 11:15:26.306105,,2227
325,890,2020-07-16 11:15:26.306106,,2228
805,890,2020-07-16 11:15:26.306107,,2229
1016,890,2020-07-16 11:15:26.306108,,2230
1111,890,2020-07-16 11:15:26.306109,,2231
1157,890,2020-07-16 11:15:26.30611,,2232
231,895,2020-07-17 10:56:08.178315,,2233
307,895,2020-07-17 10:56:08.196738,,2234
386,895,2020-07-17 10:56:08.19675,,2235
386,895,2020-07-17 10:56:08.196752,,2236
452,895,2020-07-17 10:56:08.196754,,2237
460,895,2020-07-17 10:56:08.196755,,2238
537,895,2020-07-17 10:56:08.196757,,2239
580,895,2020-07-17 10:56:08.196759,,2240
586,895,2020-07-17 10:56:08.19676,,2241
197,899,2020-07-18 11:19:53.922211,,2242
1181,899,2020-07-18 11:19:53.9467,,2243
1321,899,2020-07-18 11:19:53.946711,,2244
1571,899,2020-07-18 11:19:53.946713,,2245
2496,899,2020-07-18 11:19:53.946714,,2246
134,901,2020-07-24 10:08:58.409992,,2247
918,901,2020-07-24 10:08:58.431111,,2248
979,901,2020-07-24 10:08:58.431131,,2249
1482,901,2020-07-24 10:08:58.431133,,2250
1486,901,2020-07-24 10:08:58.431135,,2251
1709,901,2020-07-24 10:08:58.431136,,2252
1763,901,2020-07-24 10:08:58.431138,,2253
1829,901,2020-07-24 10:08:58.431139,,2254
1876,901,2020-07-24 10:08:58.431141,,2255
660,907,2020-08-06 11:08:17.351935,,2256
1073,907,2020-08-06 11:08:17.369764,,2257
1661,907,2020-08-06 11:08:17.369772,,2258
2034,907,2020-08-06 11:08:17.369773,,2259
2177,907,2020-08-06 11:08:17.369774,,2260
2760,907,2020-08-06 11:08:17.369775,,2261
2829,907,2020-08-06 11:08:17.369776,,2262
2898,907,2020-08-06 11:08:17.369777,,2263
2904,907,2020-08-06 11:08:17.369778,,2264
227,911,2020-08-06 11:08:52.570102,,2265
753,911,2020-08-06 11:08:52.570109,,2266
1145,911,2020-08-06 11:08:52.570111,,2267
1603,911,2020-08-06 11:08:52.570112,,2268
1603,911,2020-08-06 11:08:52.570113,,2269
1805,911,2020-08-06 11:08:52.570114,,2270
1805,911,2020-08-06 11:08:52.570115,,2271
1805,911,2020-08-06 11:08:52.570116,,2272
2041,911,2020-08-06 11:08:52.570117,,2273
0,915,2020-08-06 11:09:29.181038,,2274
295,915,2020-08-06 11:09:29.181045,,2275
571,915,2020-08-06 11:09:29.181047,,2276
1559,915,2020-08-06 11:09:29.181048,,2277
1909,915,2020-08-06 11:09:29.181055,,2278
2215,915,2020-08-06 11:09:29.181056,,2279
2600,915,2020-08-06 11:09:29.181057,,2280
2870,915,2020-08-06 11:09:29.181058,,2281
3287,915,2020-08-06 11:09:29.181059,,2282
171,919,2020-08-06 11:10:11.617356,,2283
625,919,2020-08-06 11:10:11.617361,,2284
696,919,2020-08-06 11:10:11.617363,,2285
871,919,2020-08-06 11:10:11.617364,,2286
1108,919,2020-08-06 11:10:11.617365,,2287
1458,919,2020-08-06 11:10:11.617366,,2288
1908,919,2020-08-06 11:10:11.617366,,2289
2307,919,2020-08-06 11:10:11.617367,,2290
2509,919,2020-08-06 11:10:11.617368,,2291
0,923,2020-08-06 11:11:01.528702,,2292
464,923,2020-08-06 11:11:01.528723,,2293
586,923,2020-08-06 11:11:01.528733,,2294
1865,923,2020-08-06 11:11:01.528734,,2295
1988,923,2020-08-06 11:11:01.528735,,2296
2317,923,2020-08-06 11:11:01.528736,,2297
2507,923,2020-08-06 11:11:01.528737,,2298
2759,923,2020-08-06 11:11:01.528739,,2299
2863,923,2020-08-06 11:11:01.528803,,2300
226,927,2020-08-06 11:11:45.284354,,2301
649,927,2020-08-06 11:11:45.28436,,2302
649,927,2020-08-06 11:11:45.284361,,2303
1152,927,2020-08-06 11:11:45.284374,,2304
1876,927,2020-08-06 11:11:45.284375,,2305
3794,927,2020-08-06 11:11:45.284376,,2306
3900,927,2020-08-06 11:11:45.284377,,2307
3900,927,2020-08-06 11:11:45.284378,,2308
3904,927,2020-08-06 11:11:45.284379,,2309
0,930,2020-08-07 10:15:31.347589,,2310
199,930,2020-08-07 10:15:31.3609,,2311
1357,930,2020-08-07 10:15:31.360908,,2312
2625,930,2020-08-07 10:15:31.360909,,2313
3627,930,2020-08-07 10:15:31.360911,,2314
4321,930,2020-08-07 10:15:31.360912,,2315
4462,930,2020-08-07 10:15:31.360913,,2316
5315,930,2020-08-07 10:15:31.360914,,2317
5629,930,2020-08-07 10:15:31.360915,,2318
0,936,2020-08-08 10:11:26.387509,,2319
0,936,2020-08-08 10:11:26.405945,,2320
70,936,2020-08-08 10:11:26.405957,,2321
70,936,2020-08-08 10:11:26.405959,,2322
70,936,2020-08-08 10:11:26.405961,,2323
70,936,2020-08-08 10:11:26.405962,,2324
70,936,2020-08-08 10:11:26.405964,,2325
70,936,2020-08-08 10:11:26.405966,,2326
70,936,2020-08-08 10:11:26.405967,,2327
0,938,2020-08-09 10:14:49.890878,,2328
0,938,2020-08-09 10:14:50.039086,,2329
164,938,2020-08-09 10:14:50.039097,,2330
169,938,2020-08-09 10:14:50.039098,,2331
768,938,2020-08-09 10:14:50.039099,,2332
1273,938,2020-08-09 10:14:50.039101,,2333
1727,938,2020-08-09 10:14:50.039102,,2334
2974,938,2020-08-09 10:14:50.039103,,2335
3827,938,2020-08-09 10:14:50.039104,,2336
0,941,2020-08-10 10:12:22.241866,,2337
0,941,2020-08-10 10:12:22.260229,,2338
233,941,2020-08-10 10:12:22.260235,,2339
602,941,2020-08-10 10:12:22.260236,,2340
1165,941,2020-08-10 10:12:22.260237,,2341
1541,941,2020-08-10 10:12:22.260238,,2342
1761,941,2020-08-10 10:12:22.260239,,2343
2245,941,2020-08-10 10:12:22.26024,,2344
2486,941,2020-08-10 10:12:22.26024,,2345
170,947,2020-08-12 10:11:29.780581,,2346
356,947,2020-08-12 10:11:29.799011,,2347
719,947,2020-08-12 10:11:29.799018,,2348
719,947,2020-08-12 10:11:29.799019,,2349
788,947,2020-08-12 10:11:29.79902,,2350
1276,947,2020-08-12 10:11:29.799021,,2351
1386,947,2020-08-12 10:11:29.799022,,2352
1604,947,2020-08-12 10:11:29.799022,,2353
1604,947,2020-08-12 10:11:29.799023,,2354
0,951,2020-08-12 10:11:35.843608,,2355
129,951,2020-08-12 10:11:35.843614,,2356
433,951,2020-08-12 10:11:35.843615,,2357
737,951,2020-08-12 10:11:35.843616,,2358
1234,951,2020-08-12 10:11:35.843617,,2359
1370,951,2020-08-12 10:11:35.843618,,2360
1633,951,2020-08-12 10:11:35.843619,,2361
1817,951,2020-08-12 10:11:35.84362,,2362
1817,951,2020-08-12 10:11:35.843621,,2363
0,954,2020-08-25 17:48:01.521748,,2364
0,954,2020-08-25 17:48:01.531749,,2365
36,954,2020-08-25 17:48:01.531749,,2366
36,954,2020-08-25 17:48:01.531749,,2367
91,954,2020-08-25 17:48:01.531749,,2368
169,954,2020-08-25 17:48:01.531749,,2369
169,954,2020-08-25 17:48:01.531749,,2370
0,956,2020-08-25 20:56:53.091018,,2378
0,956,2020-08-25 20:56:53.091018,,2379
36,956,2020-08-25 20:56:53.091018,,2380
36,956,2020-08-25 20:56:53.091018,,2381
91,956,2020-08-25 20:56:53.091018,,2382
169,956,2020-08-25 20:56:53.091018,,2383
169,956,2020-08-25 20:56:53.091018,,2384
18,957,2020-08-26 10:09:24.17608,,2385
191,957,2020-08-26 10:09:24.188474,,2386
652,957,2020-08-26 10:09:24.188481,,2387
1007,957,2020-08-26 10:09:24.188482,,2388
1007,957,2020-08-26 10:09:24.188482,,2389
1007,957,2020-08-26 10:09:24.188484,,2390
1007,957,2020-08-26 10:09:24.188485,,2391
1034,957,2020-08-26 10:09:24.188486,,2392
1155,957,2020-08-26 10:09:24.188487,,2393
18,967,2020-08-26 10:09:24.476315,,2394
216,967,2020-08-26 10:09:24.476321,,2395
673,967,2020-08-26 10:09:24.476322,,2396
1013,967,2020-08-26 10:09:24.476323,,2397
1013,967,2020-08-26 10:09:24.476324,,2398
1013,967,2020-08-26 10:09:24.476325,,2399
1013,967,2020-08-26 10:09:24.476326,,2400
1042,967,2020-08-26 10:09:24.476327,,2401
1155,967,2020-08-26 10:09:24.476328,,2402
154,970,2020-08-27 10:07:51.573062,,2403
668,970,2020-08-27 10:07:51.592214,,2404
899,970,2020-08-27 10:07:51.592222,,2405
1145,970,2020-08-27 10:07:51.592223,,2406
1495,970,2020-08-27 10:07:51.592225,,2407
1636,970,2020-08-27 10:07:51.592226,,2408
1986,970,2020-08-27 10:07:51.592249,,2409
2254,970,2020-08-27 10:07:51.59225,,2410
2424,970,2020-08-27 10:07:51.592251,,2411
141,980,2020-08-27 10:07:52.472631,,2412
629,980,2020-08-27 10:07:52.472638,,2413
849,980,2020-08-27 10:07:52.472639,,2414
1102,980,2020-08-27 10:07:52.47264,,2415
1458,980,2020-08-27 10:07:52.472641,,2416
1595,980,2020-08-27 10:07:52.472642,,2417
1937,980,2020-08-27 10:07:52.472643,,2418
2187,980,2020-08-27 10:07:52.472644,,2419
2365,980,2020-08-27 10:07:52.472645,,2420
0,989,2020-08-28 10:14:34.246704,,2421
0,989,2020-08-28 10:14:34.264453,,2422
88,989,2020-08-28 10:14:34.26446,,2423
634,989,2020-08-28 10:14:34.264461,,2424
1029,989,2020-08-28 10:14:34.264462,,2425
1222,989,2020-08-28 10:14:34.264463,,2426
1419,989,2020-08-28 10:14:34.264463,,2427
1438,989,2020-08-28 10:14:34.264467,,2428
2579,989,2020-08-28 10:14:34.264468,,2429
0,992,2020-08-28 10:14:35.102863,,2430
0,992,2020-08-28 10:14:35.102888,,2431
102,992,2020-08-28 10:14:35.102889,,2432
648,992,2020-08-28 10:14:35.10289,,2433
1067,992,2020-08-28 10:14:35.102891,,2434
1255,992,2020-08-28 10:14:35.102892,,2435
1458,992,2020-08-28 10:14:35.102893,,2436
1477,992,2020-08-28 10:14:35.102894,,2437
2673,992,2020-08-28 10:14:35.102895,,2438
14,1001,2020-08-29 10:11:46.249413,,2439
18,1001,2020-08-29 10:11:46.267988,,2440
374,1001,2020-08-29 10:11:46.267995,,2441
880,1001,2020-08-29 10:11:46.267996,,2442
880,1001,2020-08-29 10:11:46.267997,,2443
1590,1001,2020-08-29 10:11:46.267998,,2444
2020,1001,2020-08-29 10:11:46.267999,,2445
2141,1001,2020-08-29 10:11:46.268,,2446
2229,1001,2020-08-29 10:11:46.268001,,2447
14,1003,2020-08-29 10:11:46.581208,,2448
18,1003,2020-08-29 10:11:46.581213,,2449
366,1003,2020-08-29 10:11:46.581214,,2450
859,1003,2020-08-29 10:11:46.581215,,2451
859,1003,2020-08-29 10:11:46.581216,,2452
1590,1003,2020-08-29 10:11:46.581217,,2453
1988,1003,2020-08-29 10:11:46.581218,,2454
2122,1003,2020-08-29 10:11:46.581219,,2455
2209,1003,2020-08-29 10:11:46.58122,,2456
0,1013,2020-08-30 10:13:44.662639,,2457
0,1013,2020-08-30 10:13:44.679804,,2458
0,1013,2020-08-30 10:13:44.679818,,2459
570,1013,2020-08-30 10:13:44.679819,,2460
820,1013,2020-08-30 10:13:44.67982,,2461
1178,1013,2020-08-30 10:13:44.679821,,2462
1881,1013,2020-08-30 10:13:44.679823,,2463
2266,1013,2020-08-30 10:13:44.679824,,2464
2575,1013,2020-08-30 10:13:44.679825,,2465
0,1014,2020-08-30 10:13:44.775324,,2466
0,1014,2020-08-30 10:13:44.775329,,2467
0,1014,2020-08-30 10:13:44.775331,,2468
599,1014,2020-08-30 10:13:44.775343,,2469
869,1014,2020-08-30 10:13:44.775344,,2470
1249,1014,2020-08-30 10:13:44.775345,,2471
2022,1014,2020-08-30 10:13:44.775346,,2472
2433,1014,2020-08-30 10:13:44.775347,,2473
2759,1014,2020-08-30 10:13:44.775348,,2474
203,1025,2020-08-31 10:11:00.959853,,2475
505,1025,2020-08-31 10:11:00.97895,,2476
658,1025,2020-08-31 10:11:00.978956,,2477
1961,1025,2020-08-31 10:11:00.978958,,2478
3881,1025,2020-08-31 10:11:00.978959,,2479
5134,1025,2020-08-31 10:11:00.97896,,2480
5303,1025,2020-08-31 10:11:00.978961,,2481
5795,1025,2020-08-31 10:11:00.978961,,2482
5956,1025,2020-08-31 10:11:00.978962,,2483
210,1026,2020-08-31 10:11:01.023289,,2484
492,1026,2020-08-31 10:11:01.023294,,2485
641,1026,2020-08-31 10:11:01.023295,,2486
1766,1026,2020-08-31 10:11:01.023296,,2487
3473,1026,2020-08-31 10:11:01.023297,,2488
4577,1026,2020-08-31 10:11:01.023298,,2489
4741,1026,2020-08-31 10:11:01.023299,,2490
5194,1026,2020-08-31 10:11:01.023301,,2491
5347,1026,2020-08-31 10:11:01.023302,,2492
106,1035,2020-09-01 10:13:25.906996,,2497
111,1035,2020-09-01 10:13:25.907001,,2498
111,1035,2020-09-01 10:13:25.907003,,2500
582,1035,2020-09-01 10:13:25.907005,,2501
98,1034,2020-09-01 10:13:25.88572,,2493
102,1034,2020-09-01 10:13:25.904959,,2494
102,1034,2020-09-01 10:13:25.904972,,2495
567,1034,2020-09-01 10:13:25.904974,,2496
571,1034,2020-09-01 10:13:25.904976,,2499
1036,1034,2020-09-01 10:13:25.904977,,2502
1081,1034,2020-09-01 10:13:25.904979,,2503
1109,1034,2020-09-01 10:13:25.904985,,2504
1266,1034,2020-09-01 10:13:25.904987,,2505
0,1116,2020-09-05 10:37:34.262489,,2506
271,1116,2020-09-05 10:37:34.280068,,2507
383,1116,2020-09-05 10:37:34.28008,,2508
1073,1116,2020-09-05 10:37:34.280089,,2509
1679,1116,2020-09-05 10:37:34.28009,,2510
1781,1116,2020-09-05 10:37:34.280091,,2511
2057,1116,2020-09-05 10:37:34.280091,,2512
2061,1116,2020-09-05 10:37:34.280092,,2513
2078,1116,2020-09-05 10:37:34.280093,,2514
148,1120,2020-09-05 10:38:19.985625,,2515
148,1120,2020-09-05 10:38:19.985631,,2516
229,1120,2020-09-05 10:38:19.985632,,2517
229,1120,2020-09-05 10:38:19.985633,,2518
229,1120,2020-09-05 10:38:19.985634,,2519
229,1120,2020-09-05 10:38:19.985635,,2520
229,1120,2020-09-05 10:38:19.985636,,2521
229,1120,2020-09-05 10:38:19.985637,,2522
229,1120,2020-09-05 10:38:19.985637,,2523
110,1124,2020-09-05 10:38:47.355047,,2524
223,1124,2020-09-05 10:38:47.355063,,2525
223,1124,2020-09-05 10:38:47.355065,,2526
223,1124,2020-09-05 10:38:47.355067,,2527
223,1124,2020-09-05 10:38:47.35507,,2528
223,1124,2020-09-05 10:38:47.355072,,2529
223,1124,2020-09-05 10:38:47.355074,,2530
223,1124,2020-09-05 10:38:47.355076,,2531
223,1124,2020-09-05 10:38:47.355078,,2532
0,1128,2020-09-05 10:49:08.031241,,2533
267,1128,2020-09-05 10:49:08.031256,,2534
371,1128,2020-09-05 10:49:08.031259,,2535
1035,1128,2020-09-05 10:49:08.031261,,2536
1631,1128,2020-09-05 10:49:08.031263,,2537
1740,1128,2020-09-05 10:49:08.031266,,2538
2012,1128,2020-09-05 10:49:08.031268,,2539
2017,1128,2020-09-05 10:49:08.03127,,2540
2037,1128,2020-09-05 10:49:08.031272,,2541
124,1132,2020-09-05 10:49:55.975779,,2542
124,1132,2020-09-05 10:49:55.975786,,2543
210,1132,2020-09-05 10:49:55.975786,,2544
210,1132,2020-09-05 10:49:55.975787,,2545
210,1132,2020-09-05 10:49:55.975788,,2546
210,1132,2020-09-05 10:49:55.975789,,2547
210,1132,2020-09-05 10:49:55.97579,,2548
210,1132,2020-09-05 10:49:55.97579,,2549
210,1132,2020-09-05 10:49:55.975791,,2550
110,1136,2020-09-05 10:50:41.714708,,2551
227,1136,2020-09-05 10:50:41.714715,,2552
227,1136,2020-09-05 10:50:41.714716,,2553
227,1136,2020-09-05 10:50:41.714717,,2554
227,1136,2020-09-05 10:50:41.714718,,2555
227,1136,2020-09-05 10:50:41.714718,,2556
227,1136,2020-09-05 10:50:41.714719,,2557
227,1136,2020-09-05 10:50:41.71472,,2558
227,1136,2020-09-05 10:50:41.714721,,2559
0,1137,2020-09-09 18:44:21.630335,,2560
0,1137,2020-09-09 18:44:21.639334,,2561
36,1137,2020-09-09 18:44:21.639334,,2562
36,1137,2020-09-09 18:44:21.639334,,2563
91,1137,2020-09-09 18:44:21.639334,,2564
169,1137,2020-09-09 18:44:21.639334,,2565
169,1137,2020-09-09 18:44:21.639334,,2566
0,1138,2020-09-09 14:01:32.461952,,2567
0,1138,2020-09-09 14:01:32.481059,,2568
36,1138,2020-09-09 14:01:32.481073,,2569
36,1138,2020-09-09 14:01:32.481074,,2570
91,1138,2020-09-09 14:01:32.481075,,2571
169,1138,2020-09-09 14:01:32.481077,,2572
169,1138,2020-09-09 14:01:32.481078,,2573
912,1142,2020-09-11 10:40:14.611316,,2574
998,1142,2020-09-11 10:40:14.631,,2575
1813,1142,2020-09-11 10:40:14.631016,,2576
2336,1142,2020-09-11 10:40:14.631018,,2577
2336,1142,2020-09-11 10:40:14.631019,,2578
2336,1142,2020-09-11 10:40:14.631021,,2579
2336,1142,2020-09-11 10:40:14.631022,,2580
2336,1142,2020-09-11 10:40:14.631024,,2581
2336,1142,2020-09-11 10:40:14.631026,,2582
381,1146,2020-09-11 10:40:49.244302,,2583
414,1146,2020-09-11 10:40:49.244309,,2584
1117,1146,2020-09-11 10:40:49.244311,,2585
1419,1146,2020-09-11 10:40:49.244312,,2586
2648,1146,2020-09-11 10:40:49.244314,,2587
2648,1146,2020-09-11 10:40:49.244315,,2588
2648,1146,2020-09-11 10:40:49.244321,,2589
2648,1146,2020-09-11 10:40:49.244323,,2590
2648,1146,2020-09-11 10:40:49.244324,,2591
0,1147,2020-09-11 10:41:05.94256,,2592
0,1147,2020-09-11 10:41:05.942567,,2593
0,1147,2020-09-11 10:41:05.942568,,2594
0,1147,2020-09-11 10:41:05.94257,,2595
0,1147,2020-09-11 10:41:05.942571,,2596
0,1147,2020-09-11 10:41:05.942573,,2597
0,1147,2020-09-11 10:41:05.942574,,2598
0,1147,2020-09-11 10:41:05.942575,,2599
0,1147,2020-09-11 10:41:05.942577,,2600
0,1148,2020-09-11 10:41:09.929526,,2601
0,1148,2020-09-11 10:41:09.929534,,2602
0,1148,2020-09-11 10:41:09.929535,,2603
0,1148,2020-09-11 10:41:09.929537,,2604
0,1148,2020-09-11 10:41:09.929538,,2605
0,1148,2020-09-11 10:41:09.92954,,2606
0,1148,2020-09-11 10:41:09.929541,,2607
0,1148,2020-09-11 10:41:09.929543,,2608
0,1148,2020-09-11 10:41:09.929544,,2609
533,1149,2020-09-11 10:41:10.360113,,2610
533,1149,2020-09-11 10:41:10.360125,,2611
533,1149,2020-09-11 10:41:10.360127,,2612
533,1149,2020-09-11 10:41:10.360128,,2613
533,1149,2020-09-11 10:41:10.36013,,2614
533,1149,2020-09-11 10:41:10.360131,,2615
533,1149,2020-09-11 10:41:10.360132,,2616
533,1149,2020-09-11 10:41:10.360134,,2617
533,1149,2020-09-11 10:41:10.360135,,2618
4,1153,2020-09-11 10:41:57.4939,,2619
79,1153,2020-09-11 10:41:57.493918,,2620
90,1153,2020-09-11 10:41:57.493919,,2621
90,1153,2020-09-11 10:41:57.493921,,2622
90,1153,2020-09-11 10:41:57.493922,,2623
90,1153,2020-09-11 10:41:57.493924,,2624
90,1153,2020-09-11 10:41:57.493925,,2625
90,1153,2020-09-11 10:41:57.493926,,2626
90,1153,2020-09-11 10:41:57.493928,,2627
907,1155,2020-09-11 11:03:36.873788,,2628
987,1155,2020-09-11 11:03:36.873801,,2629
1775,1155,2020-09-11 11:03:36.873803,,2630
2266,1155,2020-09-11 11:03:36.873805,,2631
2266,1155,2020-09-11 11:03:36.873806,,2632
2266,1155,2020-09-11 11:03:36.873808,,2633
2266,1155,2020-09-11 11:03:36.873809,,2634
2266,1155,2020-09-11 11:03:36.87381,,2635
2266,1155,2020-09-11 11:03:36.873812,,2636
370,1161,2020-09-11 11:04:25.001568,,2637
396,1161,2020-09-11 11:04:25.00158,,2638
1074,1161,2020-09-11 11:04:25.001581,,2639
1357,1161,2020-09-11 11:04:25.001583,,2640
2553,1161,2020-09-11 11:04:25.001584,,2641
2553,1161,2020-09-11 11:04:25.001586,,2642
2553,1161,2020-09-11 11:04:25.001587,,2643
2553,1161,2020-09-11 11:04:25.001588,,2644
2553,1161,2020-09-11 11:04:25.00159,,2645
0,1162,2020-09-11 11:04:25.259853,,2646
0,1162,2020-09-11 11:04:25.259862,,2647
0,1162,2020-09-11 11:04:25.259864,,2648
0,1162,2020-09-11 11:04:25.259865,,2649
0,1162,2020-09-11 11:04:25.259867,,2650
0,1162,2020-09-11 11:04:25.259868,,2651
0,1162,2020-09-11 11:04:25.25987,,2652
0,1162,2020-09-11 11:04:25.259871,,2653
0,1162,2020-09-11 11:04:25.259873,,2654
0,1163,2020-09-11 11:04:29.388265,,2655
0,1163,2020-09-11 11:04:29.388274,,2656
0,1163,2020-09-11 11:04:29.388276,,2657
0,1163,2020-09-11 11:04:29.388277,,2658
0,1163,2020-09-11 11:04:29.388279,,2659
0,1163,2020-09-11 11:04:29.38828,,2660
0,1163,2020-09-11 11:04:29.388282,,2661
0,1163,2020-09-11 11:04:29.388283,,2662
0,1163,2020-09-11 11:04:29.388284,,2663
521,1164,2020-09-11 11:04:42.199172,,2664
521,1164,2020-09-11 11:04:42.199181,,2665
521,1164,2020-09-11 11:04:42.199183,,2666
521,1164,2020-09-11 11:04:42.199184,,2667
521,1164,2020-09-11 11:04:42.199186,,2668
521,1164,2020-09-11 11:04:42.199187,,2669
521,1164,2020-09-11 11:04:42.199189,,2670
521,1164,2020-09-11 11:04:42.19919,,2671
521,1164,2020-09-11 11:04:42.199192,,2672
8,1168,2020-09-11 11:05:13.115096,,2673
75,1168,2020-09-11 11:05:13.11511,,2674
86,1168,2020-09-11 11:05:13.115112,,2675
86,1168,2020-09-11 11:05:13.115113,,2676
86,1168,2020-09-11 11:05:13.115115,,2677
86,1168,2020-09-11 11:05:13.115116,,2678
86,1168,2020-09-11 11:05:13.115118,,2679
86,1168,2020-09-11 11:05:13.115119,,2680
86,1168,2020-09-11 11:05:13.11512,,2681
883,1172,2020-09-11 11:17:14.000289,,2682
967,1172,2020-09-11 11:17:14.000304,,2683
1759,1172,2020-09-11 11:17:14.000305,,2684
2239,1172,2020-09-11 11:17:14.000307,,2685
2239,1172,2020-09-11 11:17:14.000309,,2686
2239,1172,2020-09-11 11:17:14.00031,,2687
2239,1172,2020-09-11 11:17:14.000312,,2688
2239,1172,2020-09-11 11:17:14.000313,,2689
2239,1172,2020-09-11 11:17:14.000314,,2690
375,1176,2020-09-11 11:17:57.864195,,2691
408,1176,2020-09-11 11:17:57.864213,,2692
1087,1176,2020-09-11 11:17:57.864215,,2693
1407,1176,2020-09-11 11:17:57.864217,,2694
2650,1176,2020-09-11 11:17:57.864218,,2695
2650,1176,2020-09-11 11:17:57.864219,,2696
2650,1176,2020-09-11 11:17:57.864221,,2697
2650,1176,2020-09-11 11:17:57.864222,,2698
2650,1176,2020-09-11 11:17:57.864223,,2699
0,1177,2020-09-11 11:17:58.357539,,2700
0,1177,2020-09-11 11:17:58.357546,,2701
0,1177,2020-09-11 11:17:58.357548,,2702
0,1177,2020-09-11 11:17:58.35755,,2703
0,1177,2020-09-11 11:17:58.357551,,2704
0,1177,2020-09-11 11:17:58.357552,,2705
0,1177,2020-09-11 11:17:58.357554,,2706
0,1177,2020-09-11 11:17:58.357555,,2707
0,1177,2020-09-11 11:17:58.357557,,2708
0,1183,2020-09-11 11:18:46.647755,,2727
67,1183,2020-09-11 11:18:46.647779,,2728
81,1183,2020-09-11 11:18:46.647781,,2729
81,1183,2020-09-11 11:18:46.647783,,2730
81,1183,2020-09-11 11:18:46.647784,,2731
81,1183,2020-09-11 11:18:46.647786,,2732
81,1183,2020-09-11 11:18:46.647787,,2733
81,1183,2020-09-11 11:18:46.647788,,2734
81,1183,2020-09-11 11:18:46.64779,,2735
0,1178,2020-09-11 11:18:02.904944,,2709
0,1178,2020-09-11 11:18:02.904976,,2710
0,1178,2020-09-11 11:18:02.904978,,2711
0,1178,2020-09-11 11:18:02.904979,,2712
0,1178,2020-09-11 11:18:02.90498,,2713
0,1178,2020-09-11 11:18:02.904982,,2714
0,1178,2020-09-11 11:18:02.904983,,2715
0,1178,2020-09-11 11:18:02.904985,,2716
0,1178,2020-09-11 11:18:02.904986,,2717
506,1179,2020-09-11 11:18:06.615834,,2718
506,1179,2020-09-11 11:18:06.615841,,2719
506,1179,2020-09-11 11:18:06.615842,,2720
506,1179,2020-09-11 11:18:06.615844,,2721
506,1179,2020-09-11 11:18:06.615845,,2722
506,1179,2020-09-11 11:18:06.615847,,2723
506,1179,2020-09-11 11:18:06.615848,,2724
506,1179,2020-09-11 11:18:06.615849,,2725
506,1179,2020-09-11 11:18:06.615851,,2726
0,1184,2020-09-14 18:21:02.600246,,2736
0,1184,2020-09-14 18:21:02.610676,,2737
36,1184,2020-09-14 18:21:02.610699,,2738
36,1184,2020-09-14 18:21:02.610701,,2739
91,1184,2020-09-14 18:21:02.610702,,2740
169,1184,2020-09-14 18:21:02.610702,,2741
169,1184,2020-09-14 18:21:02.610703,,2742
0,1185,2020-09-15 09:57:28.58895,,2743
40,1185,2020-09-15 09:57:28.60122,,2744
40,1185,2020-09-15 09:57:28.60125,,2745
91,1185,2020-09-15 09:57:28.601251,,2746
91,1185,2020-09-15 09:57:28.601252,,2747
91,1185,2020-09-15 09:57:28.601253,,2748
149,1185,2020-09-15 09:57:28.601254,,2749
149,1185,2020-09-15 09:57:28.601255,,2750
149,1185,2020-09-15 09:57:28.601256,,2751
0,1187,2020-09-17 19:11:13.110666,,2759
0,1187,2020-09-17 19:11:13.110674,,2760
36,1187,2020-09-17 19:11:13.110675,,2761
36,1187,2020-09-17 19:11:13.110677,,2762
91,1187,2020-09-17 19:11:13.110678,,2763
169,1187,2020-09-17 19:11:13.110679,,2764
169,1187,2020-09-17 19:11:13.11068,,2765
0,1189,2020-10-05 10:10:34.588379,,2766
0,1189,2020-10-05 10:10:34.606431,,2767
0,1193,2020-10-05 10:10:34.960399,,2768
0,1193,2020-10-05 10:10:34.960406,,2769
391,1198,2020-10-06 10:07:44.879946,,2770
710,1198,2020-10-06 10:07:44.89137,,2771
741,1198,2020-10-06 10:07:44.891378,,2772
800,1198,2020-10-06 10:07:44.891379,,2773
888,1198,2020-10-06 10:07:44.89138,,2774
1495,1198,2020-10-06 10:07:44.891381,,2775
2234,1198,2020-10-06 10:07:44.891382,,2776
2256,1198,2020-10-06 10:07:44.891383,,2777
2256,1198,2020-10-06 10:07:44.891385,,2778
702,1200,2020-10-07 10:09:50.399801,,2779
827,1200,2020-10-07 10:09:50.411364,,2780
989,1200,2020-10-07 10:09:50.411375,,2781
1247,1200,2020-10-07 10:09:50.411377,,2782
1765,1200,2020-10-07 10:09:50.411378,,2783
1882,1200,2020-10-07 10:09:50.411379,,2784
2116,1200,2020-10-07 10:09:50.411381,,2785
2216,1200,2020-10-07 10:09:50.411382,,2786
2216,1200,2020-10-07 10:09:50.411383,,2787
391,1205,2020-10-07 10:09:51.383594,,2788
710,1205,2020-10-07 10:09:51.383606,,2789
741,1205,2020-10-07 10:09:51.383609,,2790
800,1205,2020-10-07 10:09:51.383612,,2791
888,1205,2020-10-07 10:09:51.383615,,2792
1495,1205,2020-10-07 10:09:51.383617,,2793
2234,1205,2020-10-07 10:09:51.383621,,2794
2256,1205,2020-10-07 10:09:51.383624,,2795
2256,1205,2020-10-07 10:09:51.383626,,2796
702,1209,2020-10-07 10:09:52.093955,,2797
827,1209,2020-10-07 10:09:52.093962,,2798
989,1209,2020-10-07 10:09:52.093963,,2799
1247,1209,2020-10-07 10:09:52.093964,,2800
1765,1209,2020-10-07 10:09:52.093965,,2801
1882,1209,2020-10-07 10:09:52.093965,,2802
2116,1209,2020-10-07 10:09:52.093966,,2803
2216,1209,2020-10-07 10:09:52.093967,,2804
2216,1209,2020-10-07 10:09:52.093968,,2805
237,1215,2020-10-08 10:06:34.717117,,2806
427,1215,2020-10-08 10:06:34.728289,,2807
888,1215,2020-10-08 10:06:34.7283,,2808
911,1215,2020-10-08 10:06:34.728301,,2809
1364,1215,2020-10-08 10:06:34.728302,,2810
1554,1215,2020-10-08 10:06:34.728304,,2811
1948,1215,2020-10-08 10:06:34.728305,,2812
2121,1215,2020-10-08 10:06:34.728309,,2813
2194,1215,2020-10-08 10:06:34.72831,,2814
237,1216,2020-10-08 10:06:34.812278,,2815
427,1216,2020-10-08 10:06:34.812284,,2816
888,1216,2020-10-08 10:06:34.812286,,2817
911,1216,2020-10-08 10:06:34.812287,,2818
1364,1216,2020-10-08 10:06:34.812288,,2819
1554,1216,2020-10-08 10:06:34.812289,,2820
1948,1216,2020-10-08 10:06:34.81229,,2821
2121,1216,2020-10-08 10:06:34.812291,,2822
2194,1216,2020-10-08 10:06:34.812293,,2823
365,1220,2020-10-09 10:10:17.998785,,2824
365,1220,2020-10-09 10:10:18.016496,,2825
500,1220,2020-10-09 10:10:18.016506,,2826
528,1220,2020-10-09 10:10:18.016507,,2827
768,1220,2020-10-09 10:10:18.016509,,2828
925,1220,2020-10-09 10:10:18.01651,,2829
925,1220,2020-10-09 10:10:18.016511,,2830
997,1220,2020-10-09 10:10:18.016515,,2831
1048,1220,2020-10-09 10:10:18.016517,,2832
365,1225,2020-10-09 10:10:18.671768,,2833
365,1225,2020-10-09 10:10:18.671777,,2834
500,1225,2020-10-09 10:10:18.671778,,2835
528,1225,2020-10-09 10:10:18.671779,,2836
768,1225,2020-10-09 10:10:18.671781,,2837
925,1225,2020-10-09 10:10:18.671782,,2838
925,1225,2020-10-09 10:10:18.671783,,2839
997,1225,2020-10-09 10:10:18.671784,,2840
1048,1225,2020-10-09 10:10:18.671785,,2841
0,1230,2020-10-11 20:55:20.367652,,2842
0,1230,2020-10-11 20:55:20.3851,,2843
391,1238,2020-10-11 20:55:21.513566,,2844
710,1238,2020-10-11 20:55:21.513574,,2845
741,1238,2020-10-11 20:55:21.513575,,2846
800,1238,2020-10-11 20:55:21.513576,,2847
888,1238,2020-10-11 20:55:21.513577,,2848
1495,1238,2020-10-11 20:55:21.513578,,2849
2234,1238,2020-10-11 20:55:21.51358,,2850
2256,1238,2020-10-11 20:55:21.513585,,2851
2256,1238,2020-10-11 20:55:21.513586,,2852
702,1239,2020-10-11 20:55:21.711711,,2853
827,1239,2020-10-11 20:55:21.71172,,2854
989,1239,2020-10-11 20:55:21.711721,,2855
1247,1239,2020-10-11 20:55:21.711722,,2856
1765,1239,2020-10-11 20:55:21.711723,,2857
1882,1239,2020-10-11 20:55:21.711725,,2858
2116,1239,2020-10-11 20:55:21.711726,,2859
2216,1239,2020-10-11 20:55:21.711727,,2860
2216,1239,2020-10-11 20:55:21.711728,,2861
365,1242,2020-10-12 10:11:24.061364,,2862
365,1242,2020-10-12 10:11:24.079135,,2863
500,1242,2020-10-12 10:11:24.079146,,2864
528,1242,2020-10-12 10:11:24.079148,,2865
768,1242,2020-10-12 10:11:24.079149,,2866
925,1242,2020-10-12 10:11:24.079151,,2867
925,1242,2020-10-12 10:11:24.079152,,2868
997,1242,2020-10-12 10:11:24.079153,,2869
1048,1242,2020-10-12 10:11:24.079154,,2870
237,1244,2020-10-12 10:11:24.586433,,2871
427,1244,2020-10-12 10:11:24.58644,,2872
888,1244,2020-10-12 10:11:24.586441,,2873
911,1244,2020-10-12 10:11:24.586445,,2874
1364,1244,2020-10-12 10:11:24.586447,,2875
1554,1244,2020-10-12 10:11:24.586448,,2876
1948,1244,2020-10-12 10:11:24.586449,,2877
2121,1244,2020-10-12 10:11:24.58645,,2878
2194,1244,2020-10-12 10:11:24.586451,,2879
0,1248,2020-10-12 10:11:25.610156,,2880
199,1256,2020-10-13 10:10:21.918134,,2881
398,1256,2020-10-13 10:10:21.929547,,2882
475,1256,2020-10-13 10:10:21.929564,,2883
732,1256,2020-10-13 10:10:21.929565,,2884
732,1256,2020-10-13 10:10:21.929566,,2885
1354,1256,2020-10-13 10:10:21.929566,,2886
199,1257,2020-10-13 10:10:21.936484,,2887
398,1257,2020-10-13 10:10:21.93649,,2888
475,1257,2020-10-13 10:10:21.936491,,2889
732,1257,2020-10-13 10:10:21.936493,,2890
732,1257,2020-10-13 10:10:21.936494,,2891
1354,1257,2020-10-13 10:10:21.936495,,2892
0,1258,2020-10-13 10:10:22.28949,,2893
510,1259,2020-10-15 10:10:22.063362,,2894
1184,1259,2020-10-15 10:10:22.081554,,2895
1249,1259,2020-10-15 10:10:22.081566,,2896
1804,1259,2020-10-15 10:10:22.081567,,2897
3344,1259,2020-10-15 10:10:22.081569,,2898
3786,1259,2020-10-15 10:10:22.08157,,2899
3893,1259,2020-10-15 10:10:22.081571,,2900
4050,1259,2020-10-15 10:10:22.081572,,2901
4050,1259,2020-10-15 10:10:22.081574,,2902
629,1261,2020-10-15 10:10:22.710106,,2903
992,1261,2020-10-15 10:10:22.710114,,2904
1277,1261,2020-10-15 10:10:22.710116,,2905
2363,1261,2020-10-15 10:10:22.710118,,2906
3006,1261,2020-10-15 10:10:22.71012,,2907
3241,1261,2020-10-15 10:10:22.710122,,2908
3439,1261,2020-10-15 10:10:22.710123,,2909
3665,1261,2020-10-15 10:10:22.710125,,2910
3665,1261,2020-10-15 10:10:22.710127,,2911
394,1267,2020-10-16 10:12:56.036076,,2912
1227,1267,2020-10-16 10:12:56.0545,,2913
1458,1267,2020-10-16 10:12:56.05451,,2914
1877,1267,2020-10-16 10:12:56.054512,,2915
2528,1267,2020-10-16 10:12:56.054513,,2916
3161,1267,2020-10-16 10:12:56.054514,,2917
3566,1267,2020-10-16 10:12:56.054515,,2918
3920,1267,2020-10-16 10:12:56.054517,,2919
3933,1267,2020-10-16 10:12:56.054518,,2920
885,1271,2020-10-17 10:10:30.784279,,2921
1164,1271,2020-10-17 10:10:30.796023,,2922
0,1278,2020-10-18 10:08:12.768797,,2923
337,1278,2020-10-18 10:08:12.786844,,2924
733,1278,2020-10-18 10:08:12.786854,,2925
873,1278,2020-10-18 10:08:12.786856,,2926
1335,1278,2020-10-18 10:08:12.786857,,2927
2092,1278,2020-10-18 10:08:12.786858,,2928
3067,1278,2020-10-18 10:08:12.786859,,2929
4026,1278,2020-10-18 10:08:12.78686,,2930
4416,1278,2020-10-18 10:08:12.786862,,2931
0,1281,2020-10-19 10:11:08.402654,,2932
0,1281,2020-10-19 10:11:08.419574,,2933
216,1281,2020-10-19 10:11:08.419584,,2934
342,1281,2020-10-19 10:11:08.419585,,2935
952,1281,2020-10-19 10:11:08.419586,,2936
1241,1281,2020-10-19 10:11:08.419588,,2937
1851,1281,2020-10-19 10:11:08.419589,,2938
2175,1281,2020-10-19 10:11:08.41959,,2939
2513,1281,2020-10-19 10:11:08.419591,,2940
