cte_resultsheaderid,cte_dataheaderid,app_version,matlab_version,when_calculated,sequence_no,companyid,tibia_length_used,tibia_length_source,cte_profileid
233,242,1.10,9.6.0,2020-06-27 10:35:53.941,1,,,,
234,244,1.10,9.6.0,2020-06-27 10:35:54.488,1,,,,
235,246,1.10,9.6.0,2020-06-27 10:35:55.563,1,,,,
236,253,1.10,9.6.0,2020-06-27 10:35:56.882,1,,,,
237,236,1.10,9.6.0,2020-06-27 10:35:58.24,1,,,,
238,231,1.10,9.6.0,2020-06-27 10:35:59.358,1,,,,
239,240,1.10,9.6.0,2020-06-27 10:36:00.198,1,,,,
240,229,1.10,9.6.0,2020-06-27 10:36:00.783,1,,,,
241,249,1.10,9.6.0,2020-06-27 10:36:01.448,1,,,,
242,234,1.10,9.6.0,2020-06-27 10:36:02.023,1,,,,
243,254,1.10,9.6.0,2020-06-27 10:36:03.343,1,,,,
244,260,1.10,9.6.0,2020-06-27 10:36:04.598,1,,,,
245,222,1.10,9.6.0,2020-06-27 10:36:06.103,1,,,,
246,266,1.10,9.6.0,2020-06-27 10:36:07.766,1,,,,
247,255,1.10,9.6.0,2020-06-27 10:36:09.059,1,,,,
248,225,1.10,9.6.0,2020-06-27 10:36:10.428,1,,,,
249,252,1.10,9.6.0,2020-06-27 10:36:11.718,1,,,,
250,237,1.10,9.6.0,2020-06-27 10:36:13.748,1,,,,
251,262,1.10,9.6.0,2020-06-27 10:36:14.798,1,,,,
252,269,1.10,9.6.0,2020-06-27 10:36:15.823,1,,,,
253,233,1.10,9.6.0,2020-06-27 10:36:16.969,1,,,,
254,274,1.10,9.6.0,2020-06-27 10:36:18.4,1,,,,
255,268,1.10,9.6.0,2020-06-27 10:36:19.66,1,,,,
256,239,1.10,9.6.0,2020-06-27 10:36:20.303,1,,,,
257,250,1.10,9.6.0,2020-06-27 10:36:20.905,1,,,,
258,248,1.10,9.6.0,2020-06-27 10:36:22.204,1,,,,
259,256,1.10,9.6.0,2020-06-27 10:36:23.593,1,,,,
260,259,1.10,9.6.0,2020-06-27 10:36:24.658,1,,,,
261,272,1.10,9.6.0,2020-06-27 10:36:25.951,1,,,,
262,270,1.10,9.6.0,2020-06-27 10:36:27.15,1,,,,
263,224,1.10,9.6.0,2020-06-27 10:36:28.154,1,,,,
264,265,1.10,9.6.0,2020-06-27 10:36:29.738,1,,,,
265,223,1.10,9.6.0,2020-06-27 10:36:31.001,1,,,,
266,258,1.10,9.6.0,2020-06-27 10:36:32.097,1,,,,
267,243,1.10,9.6.0,2020-06-27 10:36:32.696,1,,,,
268,264,1.10,9.6.0,2020-06-27 10:36:33.559,1,,,,
269,273,1.10,9.6.0,2020-06-27 10:36:34.661,1,,,,
270,277,1.10,9.6.0,2020-06-27 10:36:55.796,1,,,,
271,276,1.10,9.6.0,2020-06-27 10:36:57.101,1,,,,
272,278,1.10,9.6.0,2020-06-27 10:37:08.267,1,,,,
273,280,1.10,9.6.0,2020-06-27 10:37:29.548,1,,,,
274,281,1.10,9.6.0,2020-06-27 10:37:40.556,1,,,,
275,282,1.10,9.6.0,2020-06-27 10:37:41.596,1,,,,
276,284,1.10,9.6.0,2020-06-27 10:38:13.005,1,,,,
277,285,1.10,9.6.0,2020-06-27 10:38:14.07,1,,,,
278,286,1.10,9.6.0,2020-06-27 10:38:24.922,1,,,,
279,289,1.10,9.6.0,2020-06-27 10:38:56.328,1,,,,
280,290,1.10,9.6.0,2020-06-27 10:38:57.403,1,,,,
281,293,1.10,9.6.0,2020-06-27 10:39:38.289,1,,,,
282,292,1.10,9.6.0,2020-06-27 10:39:39.423,1,,,,
283,294,1.10,9.6.0,2020-06-27 10:39:50.11,1,,,,
284,296,1.10,9.6.0,2020-06-27 10:40:01.346,1,,,,
285,297,1.10,9.6.0,2020-06-27 10:40:12.385,1,,,,
286,298,1.10,9.6.0,2020-06-27 10:40:13.1,1,,,,
287,301,1.10,9.6.0,2020-06-27 10:40:43.938,1,,,,
288,300,1.10,9.6.0,2020-06-27 10:40:44.553,1,,,,
289,302,1.10,9.6.0,2020-06-27 10:41:06.028,1,,,,
290,304,1.10,9.6.0,2020-06-27 10:41:26.735,1,,,,
291,306,1.10,9.6.0,2020-06-27 10:41:47.554,1,,,,
292,308,1.10,9.6.0,2020-06-27 10:41:58.155,1,,,,
293,307,1.10,9.6.0,2020-06-27 10:41:58.729,1,,,,
294,310,1.10,9.6.0,2020-06-27 10:42:30.144,1,,,,
295,311,1.10,9.6.0,2020-06-27 10:42:31.192,1,,,,
296,312,1.10,9.6.0,2020-06-27 10:42:42.414,1,,,,
297,314,1.10,9.6.0,2020-06-27 10:43:03.589,1,,,,
298,316,1.10,9.6.0,2020-06-27 10:43:44.882,1,,,,
299,317,1.10,9.6.0,2020-06-27 10:43:46.132,1,,,,
300,318,1.10,9.6.0,2020-06-27 10:43:56.739,1,,,,
301,321,1.10,9.6.0,2020-06-27 10:44:37.871,1,,,,
302,322,1.10,9.6.0,2020-06-27 10:44:38.449,1,,,,
303,323,1.10,9.6.0,2020-06-27 10:44:49.487,1,,,,
304,325,1.10,9.6.0,2020-06-27 10:45:10.853,1,,,,
305,326,1.10,9.6.0,2020-06-27 10:45:21.898,1,,,,
306,327,1.10,9.6.0,2020-06-27 10:45:23.154,1,,,,
307,329,1.10,9.6.0,2020-06-27 10:46:04.596,1,,,,
308,330,1.10,9.6.0,2020-06-27 10:46:05.705,1,,,,
309,331,1.10,9.6.0,2020-06-27 10:46:16.839,1,,,,
310,333,1.10,9.6.0,2020-06-27 10:46:38.194,1,,,,
311,334,1.10,9.6.0,2020-06-27 10:46:49.238,1,,,,
312,335,1.10,9.6.0,2020-06-27 10:46:49.928,1,,,,
313,337,1.10,9.6.0,2020-06-27 10:53:51.702,1,,,,
314,338,1.10,9.6.0,2020-06-27 10:54:02.745,1,,,,
315,339,1.10,9.6.0,2020-06-27 10:54:03.355,1,,,,
316,341,1.10,9.6.0,2020-06-27 10:54:44.698,1,,,,
317,342,1.10,9.6.0,2020-06-27 10:54:45.411,1,,,,
318,343,1.10,9.6.0,2020-06-27 10:54:56.25,1,,,,
319,345,1.10,9.6.0,2020-06-27 10:55:17.286,1,,,,
320,346,1.10,9.6.0,2020-06-27 10:55:27.878,1,,,,
321,347,1.10,9.6.0,2020-06-27 10:55:29.037,1,,,,
322,349,1.10,9.6.0,2020-06-27 11:04:41.401,1,,,,
323,350,1.10,9.6.0,2020-06-27 11:04:42.756,1,,,,
324,351,1.10,9.6.0,2020-06-27 11:04:53.525,1,,,,
325,354,1.10,9.6.0,2020-06-27 11:05:24.571,1,,,,
326,353,1.10,9.6.0,2020-06-27 11:05:25.971,1,,,,
327,355,1.10,9.6.0,2020-06-27 11:05:37.101,1,,,,
328,357,1.10,9.6.0,2020-06-27 11:06:08.455,1,,,,
329,358,1.10,9.6.0,2020-06-27 11:06:19.896,1,,,,
330,359,1.10,9.6.0,2020-06-27 11:06:20.754,1,,,,
331,364,1.10,9.6.0,2020-06-28 10:12:40.246,1,,,,
332,365,1.10,9.6.0,2020-06-28 10:12:42.322,1,,,,
333,367,1.10,9.6.0,2020-06-28 10:12:43.592,1,,,,
334,366,1.10,9.6.0,2020-06-28 10:12:45.006,1,,,,
335,368,1.10,9.6.0,2020-06-28 10:12:46.371,1,,,,
336,363,1.10,9.6.0,2020-06-28 10:12:47.646,1,,,,
337,370,1.10,9.6.0,2020-06-29 10:11:09.539,1,,,,
338,373,1.10,9.6.0,2020-06-29 10:11:10.971,1,,,,
339,371,1.10,9.6.0,2020-06-29 10:11:12.506,1,,,,
340,369,1.10,9.6.0,2020-06-29 10:11:14.406,1,,,,
341,375,1.10,9.6.0,2020-06-29 10:11:15.806,1,,,,
342,374,1.10,9.6.0,2020-06-29 10:11:17.261,1,,,,
343,400,1.10,9.6.0,2020-06-30 12:12:51.777,1,,,,
344,397,1.10,9.6.0,2020-06-30 12:12:55.917,1,,,,
345,415,1.10,9.6.0,2020-06-30 12:12:58.107,1,,,,
346,385,1.10,9.6.0,2020-06-30 12:12:59.617,1,,,,
347,424,1.10,9.6.0,2020-06-30 12:13:01.271,1,,,,
348,423,1.10,9.6.0,2020-06-30 12:13:03.085,1,,,,
349,420,1.10,9.6.0,2020-06-30 12:13:04.301,1,,,,
350,398,1.10,9.6.0,2020-06-30 12:13:05.05,1,,,,
351,426,1.10,9.6.0,2020-06-30 12:13:05.875,1,,,,
352,384,1.10,9.6.0,2020-06-30 12:13:07.015,1,,,,
353,386,1.10,9.6.0,2020-06-30 12:13:07.985,1,,,,
354,418,1.10,9.6.0,2020-06-30 12:13:09.185,1,,,,
355,412,1.10,9.6.0,2020-06-30 12:13:10.24,1,,,,
356,393,1.10,9.6.0,2020-06-30 12:13:12.567,1,,,,
357,387,1.10,9.6.0,2020-06-30 12:13:14.186,1,,,,
358,410,1.10,9.6.0,2020-06-30 12:13:16.085,1,,,,
359,388,1.10,9.6.0,2020-06-30 12:13:17.369,1,,,,
360,403,1.10,9.6.0,2020-06-30 12:13:18.31,1,,,,
361,377,1.10,9.6.0,2020-06-30 12:13:18.79,1,,,,
362,419,1.10,9.6.0,2020-06-30 12:13:19.803,1,,,,
363,404,1.10,9.6.0,2020-06-30 12:13:21.205,1,,,,
364,380,1.10,9.6.0,2020-06-30 12:13:22.825,1,,,,
365,416,1.10,9.6.0,2020-06-30 12:13:25.273,1,,,,
366,382,1.10,9.6.0,2020-06-30 12:13:26.708,1,,,,
367,395,1.10,9.6.0,2020-06-30 12:13:27.243,1,,,,
368,414,1.10,9.6.0,2020-06-30 12:13:29.064,1,,,,
369,411,1.10,9.6.0,2020-06-30 12:13:29.993,1,,,,
370,402,1.10,9.6.0,2020-06-30 12:13:31.61,1,,,,
371,391,1.10,9.6.0,2020-06-30 12:13:32.803,1,,,,
372,390,1.10,9.6.0,2020-06-30 12:13:34.955,1,,,,
373,407,1.10,9.6.0,2020-06-30 12:13:37.438,1,,,,
374,381,1.10,9.6.0,2020-06-30 12:13:39.708,1,,,,
375,422,1.10,9.6.0,2020-06-30 12:13:42.192,1,,,,
376,394,1.10,9.6.0,2020-06-30 12:13:43.343,1,,,,
377,396,1.10,9.6.0,2020-06-30 12:13:43.825,1,,,,
378,406,1.10,9.6.0,2020-06-30 12:13:45.198,1,,,,
379,408,1.10,9.6.0,2020-06-30 12:13:45.759,1,,,,
380,435,1.10,9.6.0,2020-07-01 10:10:02.398,1,,,,
381,439,1.10,9.6.0,2020-07-01 10:10:03.561,1,,,,
382,438,1.10,9.6.0,2020-07-01 10:10:04.691,1,,,,
383,430,1.10,9.6.0,2020-07-01 10:10:05.988,1,,,,
384,432,1.10,9.6.0,2020-07-01 10:10:08.007,1,,,,
385,436,1.10,9.6.0,2020-07-01 10:10:09.234,1,,,,
386,433,1.10,9.6.0,2020-07-01 10:10:09.874,1,,,,
387,434,1.10,9.6.0,2020-07-01 10:10:10.453,1,,,,
388,431,1.10,9.6.0,2020-07-01 10:10:11.044,1,,,,
389,451,1.10,9.6.0,2020-07-02 10:09:03.926,1,,,,
390,447,1.10,9.6.0,2020-07-02 10:09:04.766,1,,,,
391,449,1.10,9.6.0,2020-07-02 10:09:06.696,1,,,,
392,443,1.10,9.6.0,2020-07-02 10:09:07.881,1,,,,
393,441,1.10,9.6.0,2020-07-02 10:09:09.152,1,,,,
394,445,1.10,9.6.0,2020-07-02 10:09:10.516,1,,,,
395,446,1.10,9.6.0,2020-07-02 10:09:12.046,1,,,,
396,448,1.10,9.6.0,2020-07-02 10:09:12.826,1,,,,
397,444,1.10,9.6.0,2020-07-02 10:09:14.071,1,,,,
398,459,1.10,9.6.0,2020-07-03 10:12:24.803,1,,,,
399,458,1.10,9.6.0,2020-07-03 10:12:26.345,1,,,,
400,454,1.10,9.6.0,2020-07-03 10:12:27.865,1,,,,
401,461,1.10,9.6.0,2020-07-03 10:12:29.08,1,,,,
402,457,1.10,9.6.0,2020-07-03 10:12:30.086,1,,,,
403,460,1.10,9.6.0,2020-07-03 10:12:31.47,1,,,,
404,456,1.10,9.6.0,2020-07-03 10:12:33.025,1,,,,
405,462,1.10,9.6.0,2020-07-03 10:12:34.885,1,,,,
406,453,1.10,9.6.0,2020-07-03 10:12:36.57,1,,,,
407,472,1.10,9.6.0,2020-07-04 10:11:46.102,1,,,,
408,473,1.10,9.6.0,2020-07-04 10:11:47.426,1,,,,
409,467,1.10,9.6.0,2020-07-04 10:11:48.618,1,,,,
410,475,1.10,9.6.0,2020-07-04 10:11:49.842,1,,,,
411,468,1.10,9.6.0,2020-07-04 10:11:50.927,1,,,,
412,474,1.10,9.6.0,2020-07-04 10:11:51.978,1,,,,
413,471,1.10,9.6.0,2020-07-04 10:11:52.798,1,,,,
414,464,1.10,9.6.0,2020-07-04 10:11:53.268,1,,,,
415,469,1.10,9.6.0,2020-07-04 10:11:53.908,1,,,,
416,479,1.10,9.6.0,2020-07-05 10:10:39.867,1,,,,
417,486,1.10,9.6.0,2020-07-05 10:10:40.707,1,,,,
418,482,1.10,9.6.0,2020-07-05 10:10:41.482,1,,,,
419,478,1.10,9.6.0,2020-07-05 10:10:42.222,1,,,,
420,484,1.10,9.6.0,2020-07-05 10:10:43.412,1,,,,
421,483,1.10,9.6.0,2020-07-05 10:10:44.88,1,,,,
422,476,1.10,9.6.0,2020-07-05 10:10:45.542,1,,,,
423,487,1.10,9.6.0,2020-07-05 10:10:46.554,1,,,,
424,485,1.10,9.6.0,2020-07-05 10:10:48.053,1,,,,
425,498,1.10,9.6.0,2020-07-06 10:10:15.547,1,,,,
426,499,1.10,9.6.0,2020-07-06 10:10:16.947,1,,,,
427,496,1.10,9.6.0,2020-07-06 10:10:18.032,1,,,,
428,495,1.10,9.6.0,2020-07-06 10:10:19.379,1,,,,
429,489,1.10,9.6.0,2020-07-06 10:10:20.741,1,,,,
430,490,1.10,9.6.0,2020-07-06 10:10:22.189,1,,,,
431,488,1.10,9.6.0,2020-07-06 10:10:24.291,1,,,,
432,491,1.10,9.6.0,2020-07-06 10:10:25.676,1,,,,
433,497,1.10,9.6.0,2020-07-06 10:10:27.551,1,,,,
434,511,1.12,9.6.0,2020-07-07 10:09:13.844,1,,,,
435,507,1.12,9.6.0,2020-07-07 10:09:23.27,1,,,,
436,506,1.12,9.6.0,2020-07-07 10:09:24.217,1,,,,
437,503,1.12,9.6.0,2020-07-07 10:09:26.195,1,,,,
438,505,1.12,9.6.0,2020-07-07 10:09:27.006,1,,,,
439,504,1.12,9.6.0,2020-07-07 10:09:28.432,1,,,,
440,502,1.12,9.6.0,2020-07-07 10:09:29.534,1,,,,
441,508,1.12,9.6.0,2020-07-07 10:09:31.404,1,,,,
442,509,1.12,9.6.0,2020-07-07 10:09:32.376,1,,,,
443,514,1.12,9.6.0,2020-07-08 10:11:06.296,1,,,,
444,513,1.12,9.6.0,2020-07-08 10:11:07.828,1,,,,
445,516,1.12,9.6.0,2020-07-08 10:11:09.121,1,,,,
446,520,1.12,9.6.0,2020-07-08 10:11:10.542,1,,,,
447,517,1.12,9.6.0,2020-07-08 10:11:11.7,1,,,,
448,519,1.12,9.6.0,2020-07-08 10:11:12.955,1,,,,
449,546,1.12,9.6.0,2020-07-09 10:50:41.351,1,,,,
450,548,1.12,9.6.0,2020-07-09 10:50:43.094,1,,,,
451,567,1.12,9.6.0,2020-07-09 10:50:44.84,1,,,,
452,560,1.12,9.6.0,2020-07-09 10:50:46.549,1,,,,
453,549,1.12,9.6.0,2020-07-09 10:50:48.115,1,,,,
454,575,1.12,9.6.0,2020-07-09 10:50:49.466,1,,,,
455,577,1.12,9.6.0,2020-07-09 10:50:50.879,1,,,,
456,559,1.12,9.6.0,2020-07-09 10:50:52.244,1,,,,
457,583,1.12,9.6.0,2020-07-09 10:50:53.594,1,,,,
458,525,1.12,9.6.0,2020-07-09 10:50:54.471,1,,,,
459,551,1.12,9.6.0,2020-07-09 10:50:55.982,1,,,,
460,539,1.12,9.6.0,2020-07-09 10:50:56.926,1,,,,
461,544,1.12,9.6.0,2020-07-09 10:50:57.862,1,,,,
462,556,1.12,9.6.0,2020-07-09 10:50:59.819,1,,,,
463,523,1.12,9.6.0,2020-07-09 10:51:00.974,1,,,,
464,532,1.12,9.6.0,2020-07-09 10:51:02.47,1,,,,
465,564,1.12,9.6.0,2020-07-09 10:51:03.834,1,,,,
466,530,1.12,9.6.0,2020-07-09 10:51:05.134,1,,,,
467,573,1.12,9.6.0,2020-07-09 10:51:07.438,1,,,,
468,581,1.12,9.6.0,2020-07-09 10:51:10.941,1,,,,
469,557,1.12,9.6.0,2020-07-09 10:51:12.496,1,,,,
470,526,1.12,9.6.0,2020-07-09 10:51:13.771,1,,,,
471,540,1.12,9.6.0,2020-07-09 10:51:15.241,1,,,,
472,533,1.12,9.6.0,2020-07-09 10:51:16.361,1,,,,
473,528,1.12,9.6.0,2020-07-09 10:51:18.252,1,,,,
474,597,1.12,9.6.0,2020-07-09 10:51:19.376,1,,,,
475,593,1.12,9.6.0,2020-07-09 10:51:20.426,1,,,,
476,553,1.12,9.6.0,2020-07-09 10:51:22.068,1,,,,
477,543,1.12,9.6.0,2020-07-09 10:51:22.909,1,,,,
478,589,1.12,9.6.0,2020-07-09 10:51:24.259,1,,,,
479,538,1.12,9.6.0,2020-07-09 10:51:25.899,1,,,,
480,552,1.12,9.6.0,2020-07-09 10:51:27.314,1,,,,
481,595,1.12,9.6.0,2020-07-09 10:51:29.36,1,,,,
482,536,1.12,9.6.0,2020-07-09 10:51:30.321,1,,,,
483,584,1.12,9.6.0,2020-07-09 10:51:32.21,1,,,,
484,534,1.12,9.6.0,2020-07-09 10:51:33.53,1,,,,
485,568,1.12,9.6.0,2020-07-09 10:51:34.966,1,,,,
486,580,1.12,9.6.0,2020-07-09 10:51:37.16,1,,,,
487,571,1.12,9.6.0,2020-07-09 10:51:39.18,1,,,,
488,563,1.12,9.6.0,2020-07-09 10:51:40.49,1,,,,
489,565,1.12,9.6.0,2020-07-09 10:51:42.02,1,,,,
490,588,1.12,9.6.0,2020-07-09 10:51:43.595,1,,,,
491,522,1.12,9.6.0,2020-07-09 10:51:45.035,1,,,,
492,599,1.12,9.6.0,2020-07-09 10:51:46.431,1,,,,
493,591,1.12,9.6.0,2020-07-09 10:51:48.125,1,,,,
494,596,1.12,9.6.0,2020-07-09 10:51:49.5,1,,,,
495,585,1.12,9.6.0,2020-07-09 10:51:50.773,1,,,,
496,579,1.12,9.6.0,2020-07-09 10:51:52.407,1,,,,
497,592,1.12,9.6.0,2020-07-09 10:51:53.366,1,,,,
498,545,1.12,9.6.0,2020-07-09 10:51:54.308,1,,,,
499,572,1.12,9.6.0,2020-07-09 10:51:55.706,1,,,,
500,600,1.12,9.6.0,2020-07-09 10:51:57.087,1,,,,
501,561,1.12,9.6.0,2020-07-09 10:51:58.705,1,,,,
502,537,1.12,9.6.0,2020-07-09 10:52:00.054,1,,,,
503,576,1.12,9.6.0,2020-07-09 10:52:01.419,1,,,,
504,601,1.12,9.6.0,2020-07-09 10:52:03.085,1,,,,
505,569,1.12,9.6.0,2020-07-09 10:52:04.755,1,,,,
506,604,1.12,9.6.0,2020-07-09 10:52:36.535,1,,,,
507,603,1.12,9.6.0,2020-07-09 10:52:37.87,1,,,,
508,605,1.12,9.6.0,2020-07-09 10:52:49.543,1,,,,
509,607,1.12,9.6.0,2020-07-09 10:53:10.532,1,,,,
510,608,1.12,9.6.0,2020-07-09 10:53:21.406,1,,,,
511,609,1.12,9.6.0,2020-07-09 10:53:22.322,1,,,,
512,611,1.12,9.6.0,2020-07-09 10:53:53.978,1,,,,
513,612,1.12,9.6.0,2020-07-09 10:53:55.338,1,,,,
514,613,1.12,9.6.0,2020-07-09 10:54:06.574,1,,,,
515,615,1.12,9.6.0,2020-07-09 10:54:27.923,1,,,,
516,616,1.12,9.6.0,2020-07-09 10:54:39.264,1,,,,
517,617,1.12,9.6.0,2020-07-09 10:54:50.173,1,,,,
518,619,1.12,9.6.0,2020-07-09 10:55:11.946,1,,,,
519,620,1.12,9.6.0,2020-07-09 10:55:22.802,1,,,,
520,621,1.12,9.6.0,2020-07-09 10:55:24.127,1,,,,
521,633,1.12,9.6.0,2020-07-09 15:28:15.035,1,,,,
522,636,1.12,9.6.0,2020-07-09 15:28:16.595,1,,,,
523,629,1.12,9.6.0,2020-07-09 15:28:18.031,1,,,,
524,637,1.12,9.6.0,2020-07-09 15:28:19.444,1,,,,
525,627,1.12,9.6.0,2020-07-09 15:28:21.049,1,,,,
526,644,1.12,9.6.0,2020-07-09 15:28:22.939,1,,,,
527,653,1.12,9.6.0,2020-07-09 15:28:25.146,1,,,,
528,650,1.12,9.6.0,2020-07-09 15:28:26.064,1,,,,
529,654,1.12,9.6.0,2020-07-09 15:28:26.938,1,,,,
530,657,1.12,9.6.0,2020-07-09 15:28:28.736,1,,,,
531,645,1.12,9.6.0,2020-07-09 15:28:29.654,1,,,,
532,660,1.12,9.6.0,2020-07-09 15:28:30.976,1,,,,
533,631,1.12,9.6.0,2020-07-09 15:28:32.446,1,,,,
534,641,1.12,9.6.0,2020-07-09 15:28:34.607,1,,,,
535,679,1.12,9.6.0,2020-07-09 15:28:36.392,1,,,,
536,684,1.12,9.6.0,2020-07-09 15:28:37.362,1,,,,
537,648,1.12,9.6.0,2020-07-09 15:28:38.757,1,,,,
538,678,1.12,9.6.0,2020-07-09 15:28:40.552,1,,,,
539,687,1.12,9.6.0,2020-07-09 15:28:42.232,1,,,,
540,698,1.12,9.6.0,2020-07-09 15:28:43.192,1,,,,
541,634,1.12,9.6.0,2020-07-09 15:28:44.672,1,,,,
542,695,1.12,9.6.0,2020-07-09 15:28:46.118,1,,,,
543,661,1.12,9.6.0,2020-07-09 15:28:48.405,1,,,,
544,624,1.12,9.6.0,2020-07-09 15:28:50.024,1,,,,
545,683,1.12,9.6.0,2020-07-09 15:28:51.878,1,,,,
546,711,1.12,9.6.0,2020-07-09 15:28:53.358,1,,,,
547,706,1.12,9.6.0,2020-07-09 15:28:54.667,1,,,,
548,716,1.12,9.6.0,2020-07-09 15:28:55.748,1,,,,
549,720,1.12,9.6.0,2020-07-09 15:28:56.703,1,,,,
550,676,1.12,9.6.0,2020-07-09 15:28:58.168,1,,,,
551,664,1.12,9.6.0,2020-07-09 15:29:00.157,1,,,,
552,690,1.12,9.6.0,2020-07-09 15:29:01.637,1,,,,
553,696,1.12,9.6.0,2020-07-09 15:29:03.357,1,,,,
554,694,1.12,9.6.0,2020-07-09 15:29:05.562,1,,,,
555,691,1.12,9.6.0,2020-07-09 15:29:07.048,1,,,,
556,737,1.12,9.6.0,2020-07-09 15:29:08.524,1,,,,
557,625,1.12,9.6.0,2020-07-09 15:29:10.407,1,,,,
558,760,1.12,9.6.0,2020-07-09 15:29:11.977,1,,,,
559,718,1.12,9.6.0,2020-07-09 15:29:13.432,1,,,,
560,739,1.12,9.6.0,2020-07-09 15:29:15.129,1,,,,
561,646,1.12,9.6.0,2020-07-09 15:29:16.18,1,,,,
562,747,1.12,9.6.0,2020-07-09 15:29:17.653,1,,,,
563,753,1.12,9.6.0,2020-07-09 15:29:18.627,1,,,,
564,768,1.12,9.6.0,2020-07-09 15:29:20.418,1,,,,
565,675,1.12,9.6.0,2020-07-09 15:29:21.842,1,,,,
566,741,1.12,9.6.0,2020-07-09 15:29:24.088,1,,,,
567,788,1.12,9.6.0,2020-07-09 15:29:25.557,1,,,,
568,727,1.12,9.6.0,2020-07-09 15:29:28.118,1,,,,
569,680,1.12,9.6.0,2020-07-09 15:29:29.042,1,,,,
570,652,1.12,9.6.0,2020-07-09 15:29:30.382,1,,,,
571,682,1.12,9.6.0,2020-07-09 15:29:32.107,1,,,,
572,700,1.12,9.6.0,2020-07-09 15:29:33.009,1,,,,
573,731,1.12,9.6.0,2020-07-09 15:29:33.934,1,,,,
574,672,1.12,9.6.0,2020-07-09 15:29:34.809,1,,,,
575,789,1.12,9.6.0,2020-07-09 15:29:36.444,1,,,,
576,704,1.12,9.6.0,2020-07-09 15:29:37.864,1,,,,
577,642,1.12,9.6.0,2020-07-09 15:29:39.539,1,,,,
578,767,1.12,9.6.0,2020-07-09 15:29:41.134,1,,,,
579,740,1.12,9.6.0,2020-07-09 15:29:42.539,1,,,,
580,745,1.12,9.6.0,2020-07-09 15:29:43.439,1,,,,
581,722,1.12,9.6.0,2020-07-09 15:29:44.919,1,,,,
582,803,1.12,9.6.0,2020-07-09 15:29:46.392,1,,,,
583,726,1.12,9.6.0,2020-07-09 15:29:47.995,1,,,,
584,649,1.12,9.6.0,2020-07-09 15:29:48.908,1,,,,
585,793,1.12,9.6.0,2020-07-09 15:29:49.901,1,,,,
586,808,1.12,9.6.0,2020-07-09 15:29:51.38,1,,,,
587,708,1.12,9.6.0,2020-07-09 15:29:52.825,1,,,,
588,688,1.12,9.6.0,2020-07-09 15:29:54.646,1,,,,
589,805,1.12,9.6.0,2020-07-09 15:29:56.611,1,,,,
590,710,1.12,9.6.0,2020-07-09 15:29:57.883,1,,,,
591,797,1.12,9.6.0,2020-07-09 15:29:58.831,1,,,,
592,670,1.12,9.6.0,2020-07-09 15:30:00.246,1,,,,
593,771,1.12,9.6.0,2020-07-09 15:30:01.931,1,,,,
594,759,1.12,9.6.0,2020-07-09 15:30:03.366,1,,,,
595,721,1.12,9.6.0,2020-07-09 15:30:05.196,1,,,,
596,707,1.12,9.6.0,2020-07-09 15:30:06.626,1,,,,
597,757,1.12,9.6.0,2020-07-09 15:30:08.136,1,,,,
598,799,1.12,9.6.0,2020-07-09 15:30:09.066,1,,,,
599,658,1.12,9.6.0,2020-07-09 15:30:10.811,1,,,,
600,712,1.12,9.6.0,2020-07-09 15:30:12.251,1,,,,
601,775,1.12,9.6.0,2020-07-09 15:30:13.836,1,,,,
602,668,1.12,9.6.0,2020-07-09 15:30:15.296,1,,,,
603,735,1.12,9.6.0,2020-07-09 15:30:16.781,1,,,,
604,662,1.12,9.6.0,2020-07-09 15:30:18.186,1,,,,
605,801,1.12,9.6.0,2020-07-09 15:30:19.611,1,,,,
606,779,1.12,9.6.0,2020-07-09 15:30:21.036,1,,,,
607,791,1.12,9.6.0,2020-07-09 15:30:22.796,1,,,,
608,702,1.12,9.6.0,2020-07-09 15:30:24.527,1,,,,
609,744,1.12,9.6.0,2020-07-09 15:30:26.091,1,,,,
610,763,1.12,9.6.0,2020-07-09 15:30:27.701,1,,,,
611,795,1.12,9.6.0,2020-07-09 15:30:30.336,1,,,,
612,743,1.12,9.6.0,2020-07-09 15:30:31.956,1,,,,
613,764,1.12,9.6.0,2020-07-09 15:30:33.386,1,,,,
614,732,1.12,9.6.0,2020-07-09 15:30:34.381,1,,,,
615,756,1.12,9.6.0,2020-07-09 15:30:35.448,1,,,,
616,813,1.12,9.6.0,2020-07-09 15:30:36.856,1,,,,
617,761,1.12,9.6.0,2020-07-09 15:30:37.856,1,,,,
618,776,1.12,9.6.0,2020-07-09 15:30:39.256,1,,,,
619,674,1.12,9.6.0,2020-07-09 15:30:40.681,1,,,,
620,755,1.12,9.6.0,2020-07-09 15:30:42.113,1,,,,
621,785,1.12,9.6.0,2020-07-09 15:30:43.062,1,,,,
622,809,1.12,9.6.0,2020-07-09 15:30:44.471,1,,,,
623,638,1.12,9.6.0,2020-07-09 15:30:45.943,1,,,,
624,773,1.12,9.6.0,2020-07-09 15:30:47.401,1,,,,
625,811,1.12,9.6.0,2020-07-09 15:30:48.711,1,,,,
626,667,1.12,9.6.0,2020-07-09 15:30:50.136,1,,,,
627,671,1.12,9.6.0,2020-07-09 15:30:51.106,1,,,,
628,783,1.12,9.6.0,2020-07-09 15:30:52.884,1,,,,
629,692,1.12,9.6.0,2020-07-09 15:30:54.28,1,,,,
630,792,1.12,9.6.0,2020-07-09 15:30:55.688,1,,,,
631,772,1.12,9.6.0,2020-07-09 15:30:57.207,1,,,,
632,769,1.12,9.6.0,2020-07-09 15:30:58.193,1,,,,
633,748,1.12,9.6.0,2020-07-09 15:30:59.637,1,,,,
634,623,1.12,9.6.0,2020-07-09 15:31:02.297,1,,,,
635,733,1.12,9.6.0,2020-07-09 15:31:03.801,1,,,,
636,781,1.12,9.6.0,2020-07-09 15:31:04.816,1,,,,
637,787,1.12,9.6.0,2020-07-09 15:31:06.306,1,,,,
638,807,1.12,9.6.0,2020-07-09 15:31:07.811,1,,,,
639,656,1.12,9.6.0,2020-07-09 15:31:09.407,1,,,,
640,812,1.12,9.6.0,2020-07-09 15:31:11.053,1,,,,
641,780,1.12,9.6.0,2020-07-09 15:31:12.453,1,,,,
642,714,1.12,9.6.0,2020-07-09 15:31:13.525,1,,,,
643,728,1.12,9.6.0,2020-07-09 15:31:14.567,1,,,,
644,765,1.12,9.6.0,2020-07-09 15:31:15.59,1,,,,
645,717,1.12,9.6.0,2020-07-09 15:31:16.659,1,,,,
646,699,1.12,9.6.0,2020-07-09 15:31:18.19,1,,,,
647,724,1.12,9.6.0,2020-07-09 15:31:19.656,1,,,,
648,666,1.12,9.6.0,2020-07-09 15:31:21.377,1,,,,
649,626,1.12,9.6.0,2020-07-09 15:31:22.795,1,,,,
650,640,1.12,9.6.0,2020-07-09 15:31:24.545,1,,,,
651,703,1.12,9.6.0,2020-07-09 15:31:25.946,1,,,,
652,784,1.12,9.6.0,2020-07-09 15:31:27.376,1,,,,
653,796,1.12,9.6.0,2020-07-09 15:31:28.791,1,,,,
654,749,1.12,9.6.0,2020-07-09 15:31:29.741,1,,,,
655,686,1.12,9.6.0,2020-07-09 15:31:31.126,1,,,,
656,800,1.12,9.6.0,2020-07-09 15:31:32.532,1,,,,
657,752,1.12,9.6.0,2020-07-09 15:31:33.484,1,,,,
658,751,1.12,9.6.0,2020-07-09 15:31:35.09,1,,,,
659,777,1.12,9.6.0,2020-07-09 15:31:36.784,1,,,,
660,736,1.12,9.6.0,2020-07-09 15:31:38.599,1,,,,
661,804,1.12,9.6.0,2020-07-09 15:31:40.384,1,,,,
662,817,1.12,9.6.0,2020-07-10 21:22:30.094,1,,,,
663,816,1.12,9.6.0,2020-07-10 21:22:31.437,1,,,,
664,815,1.12,9.6.0,2020-07-10 21:22:32.532,1,,,,
665,820,1.12,9.6.0,2020-07-10 21:22:53.768,1,,,,
666,819,1.12,9.6.0,2020-07-10 21:22:54.748,1,,,,
667,821,1.12,9.6.0,2020-07-10 21:23:05.35,1,,,,
668,823,1.12,9.6.0,2020-07-10 21:23:36.159,1,,,,
669,824,1.12,9.6.0,2020-07-10 21:23:47.194,1,,,,
670,825,1.12,9.6.0,2020-07-10 21:23:48.209,1,,,,
671,828,1.12,9.6.0,2020-07-10 21:24:09.525,1,,,,
672,827,1.12,9.6.0,2020-07-10 21:24:10.85,1,,,,
673,829,1.12,9.6.0,2020-07-10 21:24:21.669,1,,,,
674,831,1.12,9.6.0,2020-07-10 21:24:32.745,1,,,,
675,832,1.12,9.6.0,2020-07-10 21:24:43.774,1,,,,
676,833,1.12,9.6.0,2020-07-10 21:24:55.02,1,,,,
677,835,1.12,9.6.0,2020-07-10 21:25:15.567,1,,,,
678,837,1.12,9.6.0,2020-07-10 21:25:26.578,1,,,,
679,836,1.12,9.6.0,2020-07-10 21:25:27.578,1,,,,
680,846,1.12,9.6.0,2020-07-12 10:10:33.176,1,,,,
681,843,1.12,9.6.0,2020-07-12 10:10:34.375,1,,,,
682,844,1.12,9.6.0,2020-07-12 10:10:35.594,1,,,,
683,848,1.12,9.6.0,2020-07-12 10:10:36.844,1,,,,
684,839,1.12,9.6.0,2020-07-12 10:10:38.485,1,,,,
685,850,1.12,9.6.0,2020-07-12 10:10:40.011,1,,,,
686,845,1.12,9.6.0,2020-07-12 10:10:41.537,1,,,,
687,849,1.12,9.6.0,2020-07-12 10:10:42.807,1,,,,
688,847,1.12,9.6.0,2020-07-12 10:10:44.434,1,,,,
689,860,1.12,9.6.0,2020-07-13 10:09:07.482,1,,,,
690,855,1.12,9.6.0,2020-07-13 10:09:09.003,1,,,,
691,853,1.12,9.6.0,2020-07-13 10:09:10.028,1,,,,
692,852,1.12,9.6.0,2020-07-13 10:09:11.582,1,,,,
693,856,1.12,9.6.0,2020-07-13 10:09:13.067,1,,,,
694,859,1.12,9.6.0,2020-07-13 10:09:14.552,1,,,,
695,851,1.12,9.6.0,2020-07-13 10:09:16.009,1,,,,
696,858,1.12,9.6.0,2020-07-13 10:09:17.477,1,,,,
697,857,1.12,9.6.0,2020-07-13 10:09:20.177,1,,,,
698,863,1.12,9.6.0,2020-07-14 10:45:49.173,1,,,,
699,865,1.12,9.6.0,2020-07-14 10:46:00.269,1,,,,
700,864,1.12,9.6.0,2020-07-14 10:46:01.449,1,,,,
701,867,1.12,9.6.0,2020-07-14 11:15:14.865,1,,,,
702,868,1.12,9.6.0,2020-07-14 11:15:15.905,1,,,,
703,869,1.12,9.6.0,2020-07-14 11:15:26.945,1,,,,
704,879,1.12,9.6.0,2020-08-18 09:13:00.305,1,,,,
705,877,1.12,9.6.0,2020-08-18 09:13:07.373,1,,,,
706,886,1.12,9.6.0,2020-08-18 09:13:11.112,1,,,,
707,892,1.12,9.6.0,2020-08-18 09:13:12.57,1,,,,
708,903,1.12,9.6.0,2020-08-18 09:13:14.825,1,,,,
709,878,1.12,9.6.0,2020-08-18 09:13:15.73,1,,,,
710,898,1.12,9.6.0,2020-08-18 09:13:16.499,1,,,,
711,904,1.12,9.6.0,2020-08-18 09:13:18.855,1,,,,
712,896,1.12,9.6.0,2020-08-18 09:13:20.821,1,,,,
713,888,1.12,9.6.0,2020-08-18 09:13:22.974,1,,,,
714,891,1.12,9.6.0,2020-08-18 09:13:25.456,1,,,,
715,905,1.12,9.6.0,2020-08-18 09:13:27.531,1,,,,
716,874,1.12,9.6.0,2020-08-18 09:13:28.522,1,,,,
717,929,1.12,9.6.0,2020-08-18 09:13:29.267,1,,,,
718,937,1.12,9.6.0,2020-08-18 09:13:31.403,1,,,,
719,897,1.12,9.6.0,2020-08-18 09:13:34.221,1,,,,
720,921,1.12,9.6.0,2020-08-18 09:13:34.841,1,,,,
721,916,1.12,9.6.0,2020-08-18 09:13:35.427,1,,,,
722,946,1.12,9.6.0,2020-08-18 09:13:36.943,1,,,,
723,950,1.12,9.6.0,2020-08-18 09:13:37.887,1,,,,
724,934,1.12,9.6.0,2020-08-18 09:13:39.193,1,,,,
725,885,1.12,9.6.0,2020-08-18 09:13:39.895,1,,,,
726,922,1.12,9.6.0,2020-08-18 09:13:41.169,1,,,,
727,912,1.12,9.6.0,2020-08-18 09:13:42.47,1,,,,
728,945,1.12,9.6.0,2020-08-18 09:13:44.527,1,,,,
729,908,1.12,9.6.0,2020-08-18 09:13:45.906,1,,,,
730,894,1.12,9.6.0,2020-08-18 09:13:46.665,1,,,,
731,949,1.12,9.6.0,2020-08-18 09:13:48.023,1,,,,
732,917,1.12,9.6.0,2020-08-18 09:13:48.574,1,,,,
733,952,1.12,9.6.0,2020-08-18 09:13:49.226,1,,,,
734,902,1.12,9.6.0,2020-08-18 09:13:50.623,1,,,,
735,910,1.12,9.6.0,2020-08-18 09:13:52.174,1,,,,
736,942,1.12,9.6.0,2020-08-18 09:13:55.445,1,,,,
737,928,1.12,9.6.0,2020-08-18 09:13:57.465,1,,,,
738,939,1.12,9.6.0,2020-08-18 09:13:59.297,1,,,,
739,932,1.12,9.6.0,2020-08-18 09:14:00.345,1,,,,
740,900,1.12,9.6.0,2020-08-18 09:14:01.73,1,,,,
741,948,1.12,9.6.0,2020-08-18 09:14:02.733,1,,,,
742,933,1.12,9.6.0,2020-08-18 09:14:04.189,1,,,,
743,935,1.12,9.6.0,2020-08-18 09:14:05.216,1,,,,
744,920,1.12,9.6.0,2020-08-18 09:14:06.346,1,,,,
745,913,1.12,9.6.0,2020-08-18 09:14:07.809,1,,,,
746,914,1.12,9.6.0,2020-08-18 09:14:08.579,1,,,,
747,875,1.12,9.6.0,2020-08-18 09:14:09.749,1,,,,
748,931,1.12,9.6.0,2020-08-18 09:14:11.303,1,,,,
749,943,1.12,9.6.0,2020-08-18 09:14:12.249,1,,,,
750,889,1.12,9.6.0,2020-08-18 09:14:13.317,1,,,,
751,944,1.12,9.6.0,2020-08-18 09:14:14.069,1,,,,
752,926,1.12,9.6.0,2020-08-18 09:14:15.641,1,,,,
753,873,1.12,9.6.0,2020-08-18 09:14:16.278,1,,,,
754,884,1.12,9.6.0,2020-08-18 09:14:17.472,1,,,,
755,940,1.12,9.6.0,2020-08-18 09:14:17.993,1,,,,
756,924,1.12,9.6.0,2020-08-18 09:14:19.013,1,,,,
757,918,1.12,9.6.0,2020-08-18 09:14:20.013,1,,,,
758,906,1.12,9.6.0,2020-08-18 09:14:20.618,1,,,,
759,909,1.12,9.6.0,2020-08-18 09:14:21.228,1,,,,
760,893,1.12,9.6.0,2020-08-18 09:14:21.965,1,,,,
761,925,1.12,9.6.0,2020-08-18 09:14:22.55,1,,,,
762,965,1.12,9.6.0,2020-08-26 10:09:26.58,1,,,,
763,964,1.12,9.6.0,2020-08-26 10:09:28.037,1,,,,
764,958,1.12,9.6.0,2020-08-26 10:09:28.711,1,,,,
765,966,1.12,9.6.0,2020-08-26 10:09:29.446,1,,,,
766,963,1.12,9.6.0,2020-08-26 10:09:30.181,1,,,,
767,968,1.12,9.6.0,2020-08-26 10:09:30.891,1,,,,
768,978,1.12,9.6.0,2020-08-27 10:08:01.968,1,,,,
769,975,1.12,9.6.0,2020-08-27 10:08:02.861,1,,,,
770,976,1.12,9.6.0,2020-08-27 10:08:03.833,1,,,,
771,977,1.12,9.6.0,2020-08-27 10:08:04.776,1,,,,
772,979,1.12,9.6.0,2020-08-27 10:08:05.671,1,,,,
773,971,1.12,9.6.0,2020-08-27 10:08:06.606,1,,,,
774,991,1.12,9.6.0,2020-08-28 10:14:39.529,1,,,,
775,981,1.12,9.6.0,2020-08-28 10:14:41.087,1,,,,
776,990,1.12,9.6.0,2020-08-28 10:14:42.428,1,,,,
777,988,1.12,9.6.0,2020-08-28 10:14:43.749,1,,,,
778,982,1.12,9.6.0,2020-08-28 10:14:44.849,1,,,,
779,987,1.12,9.6.0,2020-08-28 10:14:45.985,1,,,,
780,1002,1.12,9.6.0,2020-08-31 13:44:18.088,1,,,,
781,1028,1.12,9.6.0,2020-08-31 13:44:20.898,1,,,,
782,1012,1.12,9.6.0,2020-08-31 13:44:22.761,1,,,,
783,996,1.12,9.6.0,2020-08-31 13:44:26.781,1,,,,
784,993,1.12,9.6.0,2020-08-31 13:44:28.277,1,,,,
785,1023,1.12,9.6.0,2020-08-31 13:44:29.493,1,,,,
786,1018,1.12,9.6.0,2020-08-31 13:44:31.187,1,,,,
787,1008,1.12,9.6.0,2020-08-31 13:44:32.567,1,,,,
788,1016,1.12,9.6.0,2020-08-31 13:44:34.043,1,,,,
789,1011,1.12,9.6.0,2020-08-31 13:44:37.902,1,,,,
790,1017,1.12,9.6.0,2020-08-31 13:44:41.589,1,,,,
791,1000,1.12,9.6.0,2020-08-31 13:44:42.367,1,,,,
792,1004,1.12,9.6.0,2020-08-31 13:44:46.112,1,,,,
793,1015,1.12,9.6.0,2020-08-31 13:44:47.433,1,,,,
794,1027,1.12,9.6.0,2020-08-31 13:44:49.642,1,,,,
795,1007,1.12,9.6.0,2020-08-31 13:44:53.607,1,,,,
796,999,1.12,9.6.0,2020-08-31 13:44:55.088,1,,,,
797,1024,1.12,9.6.0,2020-08-31 13:44:59.343,1,,,,
798,1039,1.12,9.6.0,2020-09-01 10:13:27.711,1,,,,
799,1031,1.12,9.6.0,2020-09-01 10:13:28.693,1,,,,
800,1037,1.12,9.6.0,2020-09-01 10:13:29.446,1,,,,
801,1036,1.12,9.6.0,2020-09-01 10:13:30.226,1,,,,
802,1030,1.12,9.6.0,2020-09-01 10:13:30.973,1,,,,
803,1032,1.12,9.6.0,2020-09-01 10:13:32.266,1,,,,
804,1115,1.12,9.6.0,2020-09-05 10:37:36.985,1,,,,
805,1113,1.12,9.6.0,2020-09-05 10:37:37.88,1,,,,
806,1114,1.12,9.6.0,2020-09-05 10:37:38.745,1,,,,
807,1118,1.12,9.6.0,2020-09-05 10:37:59.587,1,,,,
808,1117,1.12,9.6.0,2020-09-05 10:38:00.467,1,,,,
809,1119,1.12,9.6.0,2020-09-05 10:38:21.355,1,,,,
810,1121,1.12,9.6.0,2020-09-05 10:38:22.19,1,,,,
811,1123,1.12,9.6.0,2020-09-05 10:38:53.835,1,,,,
812,1122,1.12,9.6.0,2020-09-05 10:38:54.895,1,,,,
813,1125,1.12,9.6.0,2020-09-05 10:48:46.993,1,,,,
814,1126,1.12,9.6.0,2020-09-05 10:49:08.053,1,,,,
815,1127,1.12,9.6.0,2020-09-05 10:49:09.241,1,,,,
816,1129,1.12,9.6.0,2020-09-05 10:49:30.019,1,,,,
817,1130,1.12,9.6.0,2020-09-05 10:50:00.923,1,,,,
818,1131,1.12,9.6.0,2020-09-05 10:50:01.792,1,,,,
819,1133,1.12,9.6.0,2020-09-05 10:50:23.086,1,,,,
820,1134,1.12,9.6.0,2020-09-05 10:50:23.914,1,,,,
821,1135,1.12,9.6.0,2020-09-05 10:50:44.822,1,,,,
822,1159,1.15,9.6.0,2020-09-16 08:17:08.537,1,,0.314786,C,128
823,1157,1.15,9.6.0,2020-09-16 08:17:12.547,1,,0.314786,C,128
824,1173,1.15,9.6.0,2020-09-16 08:17:14.243,1,,0.314786,C,127
825,1141,1.15,9.6.0,2020-09-16 08:17:15.849,1,,0.314786,C,237
826,1180,1.15,9.6.0,2020-09-16 08:17:17.794,1,,0.314786,C,127
827,1174,1.15,9.6.0,2020-09-16 08:17:18.731,1,,0.314786,C,127
828,1171,1.15,9.6.0,2020-09-16 08:17:19.496,1,,0.314786,C,127
829,1150,1.15,9.6.0,2020-09-16 08:17:20.32,1,,0.314786,C,237
830,1144,1.15,9.6.0,2020-09-16 08:17:21.469,1,,0.314786,C,237
831,1167,1.15,9.6.0,2020-09-16 08:17:25.361,1,,0.314786,C,128
832,1169,1.15,9.6.0,2020-09-16 08:17:26.483,1,,0.314786,C,127
833,1160,1.15,9.6.0,2020-09-16 08:17:29.028,1,,0.314786,C,128
834,1143,1.15,9.6.0,2020-09-16 08:17:31.916,1,,0.314786,C,237
835,1166,1.15,9.6.0,2020-09-16 08:17:34.261,1,,0.314786,C,128
836,1156,1.15,9.6.0,2020-09-16 08:17:36.718,1,,0.314786,C,128
837,1165,1.15,9.6.0,2020-09-16 08:17:39.794,1,,0.314786,C,128
838,1151,1.15,9.6.0,2020-09-16 08:17:40.856,1,,0.314786,C,237
839,1181,1.15,9.6.0,2020-09-16 08:17:42.033,1,,0.314786,C,127
840,1182,1.15,9.6.0,2020-09-16 08:17:42.853,1,,0.314786,C,127
841,1145,1.15,9.6.0,2020-09-16 08:17:43.881,1,,0.314786,C,237
842,1175,1.15,9.6.0,2020-09-16 08:17:45.146,1,,0.314786,C,127
843,1139,1.15,9.6.0,2020-09-16 08:17:47.517,1,,0.314786,C,237
844,1158,1.15,9.6.0,2020-09-16 08:17:48.171,1,,0.314786,C,128
845,1140,1.15,9.6.0,2020-09-16 08:17:50.575,1,,0.314786,C,237
846,1152,1.15,9.6.0,2020-09-16 08:17:51.617,1,,0.314786,C,237
847,1154,1.15,9.6.0,2020-09-16 08:17:52.443,1,,0.314786,C,128
848,1170,1.15,9.6.0,2020-09-16 08:17:54.264,1,,0.314786,C,127
849,1188,1.15,9.6.0,2020-10-05 16:03:49.849,1,,0.314786,C,241
850,1192,1.15,9.6.0,2020-10-05 16:03:51.578,1,,0.314786,C,242
851,1194,1.15,9.6.0,2020-10-05 16:03:59.664,1,,0.314786,C,241
852,1190,1.15,9.6.0,2020-10-05 16:04:01.377,1,,0.314786,C,242
853,1195,1.15,9.6.0,2020-10-05 16:04:03.727,1,,0.314786,C,241
854,1191,1.15,9.6.0,2020-10-05 16:04:18.805,1,,0.314786,C,242
855,1194,1.15,9.6.0,2020-10-05 17:37:28.403,2,,0.314786,C,241
856,1190,1.15,9.6.0,2020-10-05 17:37:29.726,2,,0.314786,C,242
858,1192,1.15,9.6.0,2020-10-05 17:37:32.768,2,,0.314786,C,242
864,1199,1.15,9.6.0,2020-10-06 15:05:54.119,2,,0.314786,C,241
865,1195,1.15,9.6.0,2020-10-06 15:05:55.982,3,,0.314786,C,241
866,1194,1.15,9.6.0,2020-10-06 15:05:57.447,3,,0.314786,C,241
868,1196,1.15,9.6.0,2020-10-06 15:06:00.404,2,,0.314786,C,241
870,1207,1.15,9.6.0,2020-10-07 10:09:53.685,1,,0.314786,C,242
871,1206,1.15,9.6.0,2020-10-07 10:09:54.575,1,,0.314786,C,241
872,1202,1.15,9.6.0,2020-10-07 10:09:55.875,1,,0.314786,C,242
873,1201,1.15,9.6.0,2020-10-07 10:09:56.84,1,,0.314786,C,242
874,1208,1.15,9.6.0,2020-10-07 10:09:57.755,1,,0.314786,C,242
875,1210,1.15,9.6.0,2020-10-07 10:09:58.657,1,,0.314786,C,242
879,1204,1.15,9.6.0,2020-10-07 12:43:15.428,2,,0.314786,C,241
881,1206,1.15,9.6.0,2020-10-07 12:43:16.878,2,,0.314786,C,241
884,1202,1.15,9.6.0,2020-10-07 12:45:58.499,2,,0.314786,C,242
887,1210,1.15,9.6.0,2020-10-07 12:46:01.756,2,,0.314786,C,242
888,1212,1.15,9.6.0,2020-10-08 10:06:35.358,1,,0.314786,C,242
889,1213,1.15,9.6.0,2020-10-08 10:06:36.575,1,,0.314786,C,241
890,1218,1.15,9.6.0,2020-10-08 10:06:37.738,1,,0.314786,C,242
891,1214,1.15,9.6.0,2020-10-08 10:06:38.891,1,,0.314786,C,242
892,1217,1.15,9.6.0,2020-10-08 10:06:40.639,1,,0.314786,C,241
893,1219,1.15,9.6.0,2020-10-08 10:06:41.888,1,,0.314786,C,241
857,1188,1.15,9.6.0,2020-10-05 17:37:31.367,2,,0.314786,C,241
859,1191,1.15,9.6.0,2020-10-05 17:37:33.357,2,,0.314786,C,242
860,1195,1.12,9.6.0,2020-10-05 17:37:50.649,2,,,,
861,1197,1.12,9.6.0,2020-10-06 10:07:49.066,1,,,,
862,1196,1.12,9.6.0,2020-10-06 10:07:50.257,1,,,,
863,1199,1.12,9.6.0,2020-10-06 10:07:51.489,1,,,,
867,1188,1.15,9.6.0,2020-10-06 15:05:58.363,3,,0.314786,C,241
869,1197,1.15,9.6.0,2020-10-06 15:06:01.635,2,,0.314786,C,241
876,1203,1.15,9.6.0,2020-10-07 10:09:59.907,1,,0.314786,C,241
877,1204,1.12,9.6.0,2020-10-07 10:10:00.235,1,,,,
878,1211,1.15,9.6.0,2020-10-07 10:10:01.42,1,,0.314786,C,242
880,1203,1.15,9.6.0,2020-10-07 12:43:16.193,2,,0.314786,C,241
882,1201,1.12,9.6.0,2020-10-07 12:45:57.175,2,,,,
883,1207,1.15,9.6.0,2020-10-07 12:45:58.064,2,,0.314786,C,242
885,1208,1.15,9.6.0,2020-10-07 12:45:59.821,2,,0.314786,C,242
886,1211,1.12,9.6.0,2020-10-07 12:46:01.583,2,,,,
894,1221,1.12,9.6.0,2020-10-09 10:10:19.912,1,,,,
895,1222,1.12,9.6.0,2020-10-09 10:10:20.811,1,,,,
896,1226,1.12,9.6.0,2020-10-09 10:10:21.497,1,,,,
897,1227,1.12,9.6.0,2020-10-09 10:10:22.407,1,,,,
898,1224,1.15,9.6.0,2020-10-09 10:10:23.062,1,,0.314786,C,242
899,1223,1.12,9.6.0,2020-10-09 10:10:23.39,1,,,,
900,1224,1.15,9.6.0,2020-10-09 14:57:16.713,2,,0.314786,C,242
901,1218,1.15,9.6.0,2020-10-09 14:57:17.484,2,,0.314786,C,242
902,1222,1.15,9.6.0,2020-10-09 14:57:18.159,2,,0.314786,C,242
903,1226,1.15,9.6.0,2020-10-09 14:57:18.815,2,,0.314786,C,242
904,1214,1.15,9.6.0,2020-10-09 14:57:19.466,2,,0.314786,C,242
905,1212,1.15,9.6.0,2020-10-09 14:57:20.238,2,,0.314786,C,242
906,1227,1.15,9.6.0,2020-10-09 14:59:21.29,2,,0.314786,C,241
907,1219,1.15,9.6.0,2020-10-09 14:59:21.799,2,,0.314786,C,241
908,1221,1.12,9.6.0,2020-10-09 14:59:22.05,2,,,,
909,1213,1.15,9.6.0,2020-10-09 14:59:23.24,2,,0.314786,C,241
910,1217,1.15,9.6.0,2020-10-09 14:59:23.35,2,,0.314786,C,241
911,1223,1.15,9.6.0,2020-10-09 14:59:24.656,2,,0.314786,C,241
912,1221,1.15,9.6.0,2020-10-09 15:01:15.551,3,,0.314786,C,241
913,1223,1.15,9.6.0,2020-10-09 15:01:16.257,3,,0.314786,C,241
914,1217,1.15,9.6.0,2020-10-09 15:01:17.737,3,,0.314786,C,241
915,1213,1.15,9.6.0,2020-10-09 15:01:18.992,3,,0.314786,C,241
916,1219,1.15,9.6.0,2020-10-09 15:01:20.575,3,,0.314786,C,241
917,1227,1.15,9.6.0,2020-10-09 15:01:21.441,3,,0.314786,C,241
918,1224,1.15,9.6.0,2020-10-09 15:02:42.323,3,,0.314786,C,242
919,1218,1.15,9.6.0,2020-10-09 15:02:43.608,3,,0.314786,C,242
920,1222,1.15,9.6.0,2020-10-09 15:02:44.43,3,,0.314786,C,242
921,1212,1.12,9.6.0,2020-10-09 15:02:44.955,3,,,,
922,1226,1.15,9.6.0,2020-10-09 15:02:45.551,3,,0.314786,C,242
923,1214,1.15,9.6.0,2020-10-09 15:02:46.26,3,,0.314786,C,242
924,1228,1.12,9.6.0,2020-10-09 15:24:28.667,1,,,,
925,1233,1.12,9.6.0,2020-10-11 20:55:26.736,1,,,,
926,1235,1.12,9.6.0,2020-10-11 20:55:29.443,1,,,,
927,1231,1.15,9.6.0,2020-10-11 20:55:29.856,1,,0.314786,C,249
928,1229,1.15,9.6.0,2020-10-11 20:55:29.794,1,,0.314786,C,249
929,1232,1.12,9.6.0,2020-10-11 20:55:31.414,1,,,,
930,1236,1.15,9.6.0,2020-10-11 20:55:34.021,1,,0.314786,C,249
931,1234,1.15,9.6.0,2020-10-11 20:55:34.08,1,,0.314786,C,249
932,1240,1.12,9.6.0,2020-10-11 20:55:35.709,1,,,,
933,1237,1.15,9.6.0,2020-10-11 20:55:36.853,1,,0.314786,C,249
934,1245,1.15,9.6.0,2020-10-12 10:11:26.361,1,,0.314786,C,249
935,1243,1.15,9.6.0,2020-10-12 10:11:27.629,1,,0.314786,C,249
936,1249,1.15,9.6.0,2020-10-12 10:11:29.713,1,,0.314786,C,249
937,1246,1.15,9.6.0,2020-10-12 10:11:32.641,1,,0.314786,C,249
938,1247,1.12,9.6.0,2020-10-12 10:11:34.387,1,,,,
939,1241,1.15,9.6.0,2020-10-12 10:11:34.405,1,,0.314786,C,249
940,1255,1.15,9.6.0,2020-10-13 10:10:28.102,1,,0.314786,C,249
941,1254,1.15,9.6.0,2020-10-13 10:10:29.508,1,,0.314786,C,241
942,1251,1.12,9.6.0,2020-10-13 10:10:30.919,1,,,,
943,1253,1.15,9.6.0,2020-10-13 10:10:31.102,1,,0.314786,C,249
944,1250,1.15,9.6.0,2020-10-13 10:10:31.82,1,,0.314786,C,249
945,1252,1.12,9.6.0,2020-10-13 10:10:32.614,1,,,,
946,1264,1.15,9.6.0,2020-10-15 10:11:15.511,1,,0.314786,C,249
947,1260,1.15,9.6.0,2020-10-15 10:11:24.332,1,,0.314786,C,249
948,1262,1.15,9.6.0,2020-10-15 10:11:26.924,1,,0.314786,C,249
949,1263,1.15,9.6.0,2020-10-15 10:11:28.764,1,,0.314786,C,249
950,1266,1.15,9.6.0,2020-10-15 10:11:29.619,1,,0.314786,C,249
951,1265,1.15,9.6.0,2020-10-15 10:11:30.34,1,,0.314786,C,249
952,1270,1.15,9.6.0,2020-10-16 10:12:59.92,1,,0.314786,C,249
953,1269,1.15,9.6.0,2020-10-16 10:13:01.45,1,,0.314786,C,249
954,1268,1.15,9.6.0,2020-10-16 10:13:02.293,1,,0.314786,C,249
955,1274,1.15,9.6.0,2020-10-17 10:10:36.592,1,,0.314786,C,249
956,1272,1.15,9.6.0,2020-10-17 10:10:38.837,1,,0.314786,C,249
957,1273,1.15,9.6.0,2020-10-17 10:10:40.922,1,,0.314786,C,249
958,1277,1.15,9.6.0,2020-10-18 10:08:16.48,1,,0.314786,C,249
959,1276,1.15,9.6.0,2020-10-18 10:08:18.317,1,,0.314786,C,249
960,1275,1.15,9.6.0,2020-10-18 10:08:20.686,1,,0.314786,C,249
961,1282,1.15,9.6.0,2020-10-19 10:11:17.95,1,,0.314786,C,249
962,1279,1.15,9.6.0,2020-10-19 10:11:19.169,1,,0.314786,C,249
963,1280,1.15,9.6.0,2020-10-19 10:11:20.543,1,,0.314786,C,249
